Buy,VGLG,2,24,2024-08-01
Buy,NHEL,3,4.8,2024-08-02
Buy,JKLG,4,9.6,2024-08-03
Buy,MUNZ,5,2.4,2024-08-04
Buy,WHNZ,6,4.8,2024-08-05
Buy,EPHW,7,24,2024-08-06
Buy,HYEC,8,2.4,2024-08-07
Buy,GZJU,9,4.8,2024-08-08
Buy,CNGQ,10,2.4,2024-08-09
Buy,HLGU,11,16.8,2024-08-10
Buy,DIMJ,12,14.4,2024-08-11
Buy,WZIH,13,16.8,2024-08-12
Buy,NBSG,14,16.8,2024-08-13
Buy,YUQG,15,7.2,2024-08-14
Buy,EBCH,16,7.2,2024-08-15
Buy,MGTO,17,16.8,2024-08-16
Buy,AQUB,18,4.8,2024-08-17
Buy,EQPI,19,2.4,2024-08-18
Buy,YFAW,20,9.6,2024-08-19
Buy,CLSH,21,12,2024-08-20
Buy,PFXD,22,2.4,2024-08-21
Buy,OCSS,23,21.6,2024-08-22
Buy,JVBK,24,24,2024-08-23
Buy,CVAD,25,24,2024-08-24
Buy,OJLT,26,4.8,2024-08-25
Buy,UIPD,27,12,2024-08-26
Buy,OFCT,28,16.8,2024-08-27
Buy,TXTK,29,21.6,2024-08-28
Buy,ZZNJ,30,16.8,2024-08-29
Buy,AKZG,31,12,2024-08-30
Buy,XXGT,32,16.8,2024-08-31
Buy,LBQW,33,7.2,2024-09-01
Buy,ZIOT,34,21.6,2024-09-02
Buy,IKVL,35,4.8,2024-09-03
Buy,AJCC,36,12,2024-09-04
Buy,LHOX,37,14.4,2024-09-05
Buy,KLYC,38,24,2024-09-06
Buy,LPCB,39,24,2024-09-07
Buy,MWSQ,40,4.8,2024-09-08
Buy,VIUZ,41,24,2024-09-09
Buy,VXKJ,42,9.6,2024-09-10
Buy,JVZW,43,2.4,2024-09-11
Buy,YLRY,44,7.2,2024-09-12
Buy,TJZK,45,24,2024-09-13
Buy,AEHZ,46,14.4,2024-09-14
Buy,CVIP,47,14.4,2024-09-15
Buy,BZUP,48,16.8,2024-09-16
Buy,VAHX,49,14.4,2024-09-17
Buy,FVPQ,50,12,2024-09-18
Buy,WUBO,51,21.6,2024-09-19
Buy,VHDQ,52,14.4,2024-09-20
Buy,MTGN,53,4.8,2024-09-21
Buy,QRLA,54,16.8,2024-09-22
Buy,AUZF,55,2.4,2024-09-23
Buy,JSKS,56,16.8,2024-09-24
Buy,JBZC,57,14.4,2024-09-25
Buy,CAYJ,58,16.8,2024-09-26
Buy,BKOF,59,14.4,2024-09-27
Buy,MFTO,60,14.4,2024-09-28
Buy,KBXS,61,19.2,2024-09-29
Buy,UUNL,62,9.6,2024-09-30
Buy,PICN,63,4.8,2024-10-01
Buy,CPFE,64,7.2,2024-10-02
Buy,ITBJ,65,14.4,2024-10-03
Buy,KLND,66,4.8,2024-10-04
Buy,FKAY,67,12,2024-10-05
Buy,ADLU,68,24,2024-10-06
Buy,TPED,69,9.6,2024-10-07
Buy,AYBN,70,4.8,2024-10-08
Buy,YGJY,71,24,2024-10-09
Buy,YGYY,72,2.4,2024-10-10
Buy,WSBF,73,4.8,2024-10-11
Buy,FCXV,74,12,2024-10-12
Buy,TYII,75,2.4,2024-10-13
Buy,FFVQ,76,14.4,2024-10-14
Buy,PSZP,77,14.4,2024-10-15
Buy,XPUX,78,2.4,2024-10-16
Buy,PQXQ,79,16.8,2024-10-17
Buy,HAET,80,19.2,2024-10-18
Buy,BAOL,81,2.4,2024-10-19
Buy,BNWI,82,14.4,2024-10-20
Buy,TTAM,83,14.4,2024-10-21
Buy,KUZC,84,24,2024-10-22
Buy,JBMG,85,24,2024-10-23
Buy,QRRS,86,12,2024-10-24
Buy,NVPV,87,14.4,2024-10-25
Buy,HCYW,88,4.8,2024-10-26
Buy,GVLY,89,21.6,2024-10-27
Buy,GNCF,90,4.8,2024-10-28
Buy,XIVX,91,14.4,2024-10-29
Buy,HEWD,92,19.2,2024-10-30
Buy,AOHO,93,4.8,2024-10-31
Buy,WUVT,94,24,2024-11-01
Buy,QMIX,95,4.8,2024-11-02
Buy,QARV,96,4.8,2024-11-03
Buy,SRUD,97,19.2,2024-11-04
Buy,GWCK,98,21.6,2024-11-05
Buy,LCCW,99,2.4,2024-11-06
Buy,KYFC,100,2.4,2024-11-07
Buy,ADUI,101,12,2024-11-08
Buy,ROLD,102,14.4,2024-11-09
Buy,WPJB,103,9.6,2024-11-10
Buy,NMPX,104,4.8,2024-11-11
Buy,KAQG,105,24,2024-11-12
Buy,DLJA,106,19.2,2024-11-13
Buy,IOFV,107,16.8,2024-11-14
Buy,MQJU,108,12,2024-11-15
Buy,FSRX,109,12,2024-11-16
Buy,WVTB,110,12,2024-11-17
Buy,CVJI,111,12,2024-11-18
Buy,SUND,112,2.4,2024-11-19
Buy,JEQY,113,2.4,2024-11-20
Buy,TTRK,114,4.8,2024-11-21
Buy,QOTA,115,21.6,2024-11-22
Buy,QKAM,116,4.8,2024-11-23
Buy,RMTD,117,12,2024-11-24
Buy,LMLQ,118,9.6,2024-11-25
Buy,KYSK,119,2.4,2024-11-26
Buy,NQLA,120,16.8,2024-11-27
Buy,TRDL,121,7.2,2024-11-28
Buy,QDDN,122,14.4,2024-11-29
Buy,SAMC,123,2.4,2024-11-30
Buy,TYSF,124,19.2,2024-12-01
Buy,MBTM,125,24,2024-12-02
Buy,YCHF,126,9.6,2024-12-03
Buy,YQGE,127,12,2024-12-04
Buy,DGHK,128,2.4,2024-12-05
Buy,NHYT,129,4.8,2024-12-06
Buy,GSLF,130,9.6,2024-12-07
Buy,QEQT,131,19.2,2024-12-08
Buy,WXCO,132,16.8,2024-12-09
Buy,PLSB,133,7.2,2024-12-10
Buy,GPAQ,134,4.8,2024-12-11
Buy,LSKP,135,24,2024-12-12
Buy,KQEU,136,21.6,2024-12-13
Buy,AHFW,137,19.2,2024-12-14
Buy,YIFD,138,21.6,2024-12-15
Buy,GTET,139,9.6,2024-12-16
Buy,JQWQ,140,19.2,2024-12-17
Buy,HPIA,141,21.6,2024-12-18
Buy,AJDV,142,19.2,2024-12-19
Buy,GZJU,143,24,2024-12-20
Buy,FFJH,144,16.8,2024-12-21
Buy,LSEC,145,2.4,2024-12-22
Buy,UVRU,146,7.2,2024-12-23
Buy,HQPT,147,4.8,2024-12-24
Buy,XOJL,148,9.6,2024-12-25
Buy,ICLN,149,9.6,2024-12-26
Buy,NSCK,150,16.8,2024-12-27
Buy,JFJY,151,21.6,2024-12-28
Buy,UPUV,152,21.6,2024-12-29
Buy,ROOZ,153,7.2,2024-12-30
Buy,CEFM,154,9.6,2024-12-31
Buy,GUIQ,155,2.4,2025-01-01
Buy,NKGO,156,14.4,2025-01-02
Buy,OUPX,157,19.2,2025-01-03
Buy,MHVN,158,7.2,2025-01-04
Buy,OWEW,159,19.2,2025-01-05
Buy,AEPA,160,2.4,2025-01-06
Buy,WXRX,161,12,2025-01-07
Buy,JTMQ,162,2.4,2025-01-08
Buy,LNVI,163,14.4,2025-01-09
Buy,PQST,164,21.6,2025-01-10
Buy,BKEB,165,24,2025-01-11
Buy,UNUY,166,24,2025-01-12
Buy,FKAU,167,12,2025-01-13
Buy,UMBB,168,21.6,2025-01-14
Buy,SAZP,169,7.2,2025-01-15
Buy,FVZE,170,4.8,2025-01-16
Buy,DYML,171,24,2025-01-17
Buy,XYSB,172,7.2,2025-01-18
Buy,IUMU,173,14.4,2025-01-19
Buy,GJMP,174,7.2,2025-01-20
Buy,NGQF,175,12,2025-01-21
Buy,WQUG,176,2.4,2025-01-22
Buy,YKCF,177,16.8,2025-01-23
Buy,AWKC,178,24,2025-01-24
Buy,BLFQ,179,19.2,2025-01-25
Buy,EMDT,180,9.6,2025-01-26
Buy,XUXZ,181,19.2,2025-01-27
Buy,ISHC,182,12,2025-01-28
Buy,SJIQ,183,24,2025-01-29
Buy,SXAO,184,7.2,2025-01-30
Buy,NWLX,185,24,2025-01-31
Buy,YSMG,186,9.6,2025-02-01
Buy,ZADP,187,12,2025-02-02
Buy,CSUK,188,14.4,2025-02-03
Buy,DQNY,189,2.4,2025-02-04
Buy,QKLD,190,24,2025-02-05
Buy,DMTR,191,14.4,2025-02-06
Buy,HVES,192,4.8,2025-02-07
Buy,EEMO,193,7.2,2025-02-08
Buy,ALPI,194,24,2025-02-09
Buy,CQPR,195,16.8,2025-02-10
Buy,ZTTJ,196,2.4,2025-02-11
Buy,ZPNK,197,7.2,2025-02-12
Buy,WWSR,198,16.8,2025-02-13
Buy,TPRQ,199,16.8,2025-02-14
Buy,FFFY,200,16.8,2025-02-15
Buy,QWOF,201,16.8,2025-02-16
Buy,LWWP,202,4.8,2025-02-17
Buy,CYVA,203,14.4,2025-02-18
Buy,OZZE,204,16.8,2025-02-19
Buy,QBDR,205,24,2025-02-20
Buy,JAEJ,206,19.2,2025-02-21
Buy,SJUD,207,24,2025-02-22
Buy,MEVT,208,7.2,2025-02-23
Buy,YTJS,209,14.4,2025-02-24
Buy,RGTA,210,12,2025-02-25
Buy,VOKB,211,9.6,2025-02-26
Buy,CVPM,212,12,2025-02-27
Buy,CKJB,213,9.6,2025-02-28
Buy,FJDU,214,21.6,2025-03-01
Buy,NEAO,215,7.2,2025-03-02
Buy,LOCA,216,19.2,2025-03-03
Buy,YWGW,217,21.6,2025-03-04
Buy,JZZJ,218,4.8,2025-03-05
Buy,OACB,219,21.6,2025-03-06
Buy,CWMC,220,9.6,2025-03-07
Buy,XZDK,221,19.2,2025-03-08
Buy,BDNJ,222,9.6,2025-03-09
Buy,ZFEV,223,14.4,2025-03-10
Buy,MUXE,224,16.8,2025-03-11
Buy,TIKP,225,9.6,2025-03-12
Buy,GNWQ,226,16.8,2025-03-13
Buy,DFSX,227,14.4,2025-03-14
Buy,YUZW,228,2.4,2025-03-15
Buy,OLMH,229,9.6,2025-03-16
Buy,JQSX,230,21.6,2025-03-17
Buy,MSTO,231,14.4,2025-03-18
Buy,VRFP,232,9.6,2025-03-19
Buy,ICVA,233,12,2025-03-20
Buy,JXBQ,234,19.2,2025-03-21
Buy,VCBQ,235,24,2025-03-22
Buy,PPTS,236,24,2025-03-23
Buy,VFGE,237,7.2,2025-03-24
Buy,YTSV,238,9.6,2025-03-25
Buy,OSVV,239,16.8,2025-03-26
Buy,AFTI,240,21.6,2025-03-27
Buy,LNVX,241,2.4,2025-03-28
Buy,PBNV,242,16.8,2025-03-29
Buy,SVVR,243,19.2,2025-03-30
Buy,JFIT,244,21.6,2025-03-31
Buy,LFUD,245,7.2,2025-04-01
Buy,YLPZ,246,9.6,2025-04-02
Buy,SIOD,247,9.6,2025-04-03
Buy,YOUI,248,21.6,2025-04-04
Buy,XIXY,249,16.8,2025-04-05
Buy,QCMI,250,2.4,2025-04-06
Buy,KPUY,251,12,2025-04-07
Buy,KZAC,252,7.2,2025-04-08
Buy,ZWVU,253,2.4,2025-04-09
Buy,MYAO,254,7.2,2025-04-10
Buy,WLEU,255,2.4,2025-04-11
Buy,SLBC,256,21.6,2025-04-12
Buy,MSFA,257,21.6,2025-04-13
Buy,JIWY,258,19.2,2025-04-14
Buy,HEVF,259,24,2025-04-15
Buy,ZRRX,260,4.8,2025-04-16
Buy,BKKL,261,24,2025-04-17
Buy,WCGF,262,4.8,2025-04-18
Buy,RWZJ,263,21.6,2025-04-19
Buy,MSSK,264,9.6,2025-04-20
Buy,WXSC,265,24,2025-04-21
Buy,TSOO,266,21.6,2025-04-22
Buy,QIQQ,267,7.2,2025-04-23
Buy,PJUA,268,9.6,2025-04-24
Buy,PNFS,269,16.8,2025-04-25
Buy,DHZC,270,4.8,2025-04-26
Buy,OQJO,271,24,2025-04-27
Buy,DYVU,272,9.6,2025-04-28
Buy,TBUN,273,2.4,2025-04-29
Buy,XGHJ,274,16.8,2025-04-30
Buy,WQTK,275,7.2,2025-05-01
Buy,LZER,276,12,2025-05-02
Buy,NIDS,277,12,2025-05-03
Buy,TGJD,278,19.2,2025-05-04
Buy,KYAL,279,24,2025-05-05
Buy,SBUU,280,24,2025-05-06
Buy,MDOB,281,21.6,2025-05-07
Buy,WTYC,282,7.2,2025-05-08
Buy,CQQW,283,7.2,2025-05-09
Buy,QCUO,284,24,2025-05-10
Buy,UQRP,285,16.8,2025-05-11
Buy,GWGQ,286,16.8,2025-05-12
Buy,VGMO,287,4.8,2025-05-13
Buy,IZNK,288,21.6,2025-05-14
Buy,DCDR,289,12,2025-05-15
Buy,ESIA,290,24,2025-05-16
Buy,XXBJ,291,2.4,2025-05-17
Buy,FGFA,292,12,2025-05-18
Buy,KLDH,293,9.6,2025-05-19
Buy,HSDK,294,19.2,2025-05-20
Buy,JDNV,295,21.6,2025-05-21
Buy,DRJX,296,4.8,2025-05-22
Buy,FPJJ,297,16.8,2025-05-23
Buy,UTTD,298,7.2,2025-05-24
Buy,MEEV,299,9.6,2025-05-25
Buy,RUWW,300,19.2,2025-05-26
Buy,KEAU,301,24,2025-05-27
Buy,XLZG,302,14.4,2025-05-28
Buy,STIZ,303,4.8,2025-05-29
Buy,BLDC,304,14.4,2025-05-30
Buy,YXND,305,14.4,2025-05-31
Buy,PAEM,306,2.4,2025-06-01
Buy,TFYI,307,4.8,2025-06-02
Buy,DQHC,308,9.6,2025-06-03
Buy,ZHEC,309,19.2,2025-06-04
Buy,HSNY,310,9.6,2025-06-05
Buy,TJGK,311,12,2025-06-06
Buy,LFXF,312,24,2025-06-07
Buy,FMGK,313,24,2025-06-08
Buy,ESFP,314,14.4,2025-06-09
Buy,MXSQ,315,19.2,2025-06-10
Buy,LDEL,316,2.4,2025-06-11
Buy,IFWE,317,9.6,2025-06-12
Buy,TUFV,318,7.2,2025-06-13
Buy,JNGS,319,12,2025-06-14
Buy,CFHB,320,9.6,2025-06-15
Buy,BKIG,321,16.8,2025-06-16
Buy,NDGL,322,9.6,2025-06-17
Buy,DNFD,323,16.8,2025-06-18
Buy,WTLM,324,4.8,2025-06-19
Buy,GFNK,325,7.2,2025-06-20
Buy,RBVN,326,19.2,2025-06-21
Buy,EWFA,327,9.6,2025-06-22
Buy,OQEB,328,16.8,2025-06-23
Buy,ADVB,329,14.4,2025-06-24
Buy,NHVO,330,24,2025-06-25
Buy,HOUV,331,12,2025-06-26
Buy,ASGU,332,19.2,2025-06-27
Buy,TXBP,333,12,2025-06-28
Buy,UMZS,334,14.4,2025-06-29
Buy,BRBF,335,21.6,2025-06-30
Buy,YPBV,336,4.8,2025-07-01
Buy,EIIL,337,21.6,2025-07-02
Buy,WMWV,338,21.6,2025-07-03
Buy,USDZ,339,12,2025-07-04
Buy,CHSB,340,19.2,2025-07-05
Buy,NAAD,341,9.6,2025-07-06
Buy,QJZG,342,14.4,2025-07-07
Buy,WYXZ,343,24,2025-07-08
Buy,GHBJ,344,12,2025-07-09
Buy,FBFE,345,19.2,2025-07-10
Buy,QGSR,346,12,2025-07-11
Buy,DUCF,347,24,2025-07-12
Buy,FAOD,348,12,2025-07-13
Buy,DSVK,349,21.6,2025-07-14
Buy,WCNS,350,14.4,2025-07-15
Buy,KDMA,351,9.6,2025-07-16
Buy,ONBS,352,4.8,2025-07-17
Buy,DBAD,353,16.8,2025-07-18
Buy,GSPY,354,2.4,2025-07-19
Buy,UZCL,355,4.8,2025-07-20
Buy,QDFX,356,12,2025-07-21
Buy,TCZG,357,16.8,2025-07-22
Buy,UXPJ,358,7.2,2025-07-23
Buy,BLTS,359,7.2,2025-07-24
Buy,CZES,360,2.4,2025-07-25
Buy,FWTF,361,7.2,2025-07-26
Buy,WYJI,362,9.6,2025-07-27
Buy,FJQA,363,21.6,2025-07-28
Buy,BPGK,364,21.6,2025-07-29
Buy,JOBZ,365,12,2025-07-30
Buy,LQLO,366,9.6,2025-07-31
Buy,FIYK,367,16.8,2025-08-01
Buy,ARWP,368,24,2025-08-02
Buy,SURR,369,21.6,2025-08-03
Buy,DZVF,370,24,2025-08-04
Buy,QOUT,371,19.2,2025-08-05
Buy,DFPZ,372,9.6,2025-08-06
Buy,PMAZ,373,14.4,2025-08-07
Buy,TCGQ,374,12,2025-08-08
Buy,YUJJ,375,19.2,2025-08-09
Buy,JYCN,376,2.4,2025-08-10
Buy,QBZH,377,12,2025-08-11
Buy,QBLV,378,14.4,2025-08-12
Buy,JHKC,379,9.6,2025-08-13
Buy,NIUD,380,4.8,2025-08-14
Buy,XJXR,381,19.2,2025-08-15
Buy,YSVG,382,16.8,2025-08-16
Buy,GUKZ,383,12,2025-08-17
Buy,UTYD,384,14.4,2025-08-18
Buy,CQOR,385,19.2,2025-08-19
Buy,QNEU,386,2.4,2025-08-20
Buy,AXLH,387,21.6,2025-08-21
Buy,REAK,388,16.8,2025-08-22
Buy,ULNU,389,9.6,2025-08-23
Buy,HRLH,390,14.4,2025-08-24
Buy,AIKF,391,2.4,2025-08-25
Buy,CYUA,392,24,2025-08-26
Buy,OOGL,393,9.6,2025-08-27
Buy,XZMK,394,21.6,2025-08-28
Buy,HBIN,395,4.8,2025-08-29
Buy,LTVS,396,9.6,2025-08-30
Buy,OARH,397,4.8,2025-08-31
Buy,QUTO,398,9.6,2025-09-01
Buy,HYDS,399,4.8,2025-09-02
Buy,OMFL,400,12,2025-09-03
Buy,DABP,401,14.4,2025-09-04
Buy,EUVA,402,4.8,2025-09-05
Buy,SUDU,403,19.2,2025-09-06
Buy,BOSD,404,12,2025-09-07
Buy,DVCB,405,4.8,2025-09-08
Buy,HAWA,406,2.4,2025-09-09
Buy,ZMYR,407,12,2025-09-10
Buy,LKLX,408,4.8,2025-09-11
Buy,IPTZ,409,4.8,2025-09-12
Buy,PSPH,410,12,2025-09-13
Buy,MPOO,411,7.2,2025-09-14
Buy,FVVD,412,19.2,2025-09-15
Buy,CHUF,413,19.2,2025-09-16
Buy,RMIN,414,14.4,2025-09-17
Buy,VKMR,415,2.4,2025-09-18
Buy,NWTK,416,7.2,2025-09-19
Buy,WFZW,417,12,2025-09-20
Buy,AGOY,418,16.8,2025-09-21
Buy,XZSM,419,16.8,2025-09-22
Buy,ECDU,420,16.8,2025-09-23
Buy,CFNX,421,19.2,2025-09-24
Buy,DHDX,422,19.2,2025-09-25
Buy,NMZM,423,12,2025-09-26
Buy,EXSQ,424,24,2025-09-27
Buy,EUZH,425,2.4,2025-09-28
Buy,KMDZ,426,12,2025-09-29
Buy,WUFC,427,14.4,2025-09-30
Buy,OARK,428,24,2025-10-01
Buy,WESY,429,7.2,2025-10-02
Buy,GLII,430,19.2,2025-10-03
Buy,ZRTP,431,9.6,2025-10-04
Buy,YSLV,432,19.2,2025-10-05
Buy,XNAS,433,21.6,2025-10-06
Buy,PHWU,434,19.2,2025-10-07
Buy,MAJL,435,14.4,2025-10-08
Buy,EJZM,436,24,2025-10-09
Buy,NDES,437,9.6,2025-10-10
Buy,IGXS,438,24,2025-10-11
Buy,SCDV,439,19.2,2025-10-12
Buy,CTFE,440,14.4,2025-10-13
Buy,PUNE,441,14.4,2025-10-14
Buy,MJNM,442,2.4,2025-10-15
Buy,GDFV,443,21.6,2025-10-16
Buy,HGLX,444,9.6,2025-10-17
Buy,VHQL,445,14.4,2025-10-18
Buy,AQQA,446,21.6,2025-10-19
Buy,CZGX,447,2.4,2025-10-20
Buy,DNZE,448,19.2,2025-10-21
Buy,SECQ,449,21.6,2025-10-22
Buy,SRWK,450,14.4,2025-10-23
Buy,TESD,451,16.8,2025-10-24
Buy,GGBG,452,7.2,2025-10-25
Buy,FJML,453,7.2,2025-10-26
Buy,OHIS,454,4.8,2025-10-27
Buy,LJVO,455,16.8,2025-10-28
Buy,LOAG,456,16.8,2025-10-29
Buy,LBDP,457,9.6,2025-10-30
Buy,DIGI,458,2.4,2025-10-31
Buy,ZUXO,459,21.6,2025-11-01
Buy,LKWR,460,16.8,2025-11-02
Buy,VLXM,461,24,2025-11-03
Buy,ZTGM,462,7.2,2025-11-04
Buy,RIVN,463,2.4,2025-11-05
Buy,FQEU,464,9.6,2025-11-06
Buy,YRTI,465,24,2025-11-07
Buy,CMGB,466,2.4,2025-11-08
Buy,LEIT,467,21.6,2025-11-09
Buy,VLIF,468,7.2,2025-11-10
Buy,HJKO,469,12,2025-11-11
Buy,VRKU,470,21.6,2025-11-12
Buy,VMIB,471,19.2,2025-11-13
Buy,FZXI,472,12,2025-11-14
Buy,BLDS,473,9.6,2025-11-15
Buy,FVMH,474,12,2025-11-16
Buy,UFLD,475,12,2025-11-17
Buy,ZJSR,476,9.6,2025-11-18
Buy,RFYP,477,7.2,2025-11-19
Buy,BCMS,478,14.4,2025-11-20
Buy,YHAN,479,16.8,2025-11-21
Buy,XGQR,480,24,2025-11-22
Buy,SDMP,481,21.6,2025-11-23
Buy,OVOB,482,4.8,2025-11-24
Buy,VWRN,483,16.8,2025-11-25
Buy,CLWS,484,2.4,2025-11-26
Buy,FHKS,485,24,2025-11-27
Buy,ZCAM,486,12,2025-11-28
Buy,OBAB,487,7.2,2025-11-29
Buy,WIVB,488,14.4,2025-11-30
Buy,ZHRB,489,19.2,2025-12-01
Buy,MUTT,490,9.6,2025-12-02
Buy,FJRY,491,19.2,2025-12-03
Buy,VSZA,492,2.4,2025-12-04
Buy,PIAZ,493,12,2025-12-05
Buy,EJMY,494,4.8,2025-12-06
Buy,BNAB,495,16.8,2025-12-07
Buy,HKRJ,496,14.4,2025-12-08
Buy,SAGU,497,2.4,2025-12-09
Buy,PFGI,498,21.6,2025-12-10
Buy,DKZO,499,4.8,2025-12-11
Buy,GFXG,500,4.8,2025-12-12
Buy,SVIO,501,12,2025-12-13
Buy,BUBS,502,19.2,2025-12-14
Buy,FIVF,503,9.6,2025-12-15
Buy,QZTB,504,16.8,2025-12-16
Buy,PXLW,505,24,2025-12-17
Buy,DQGT,506,19.2,2025-12-18
Buy,SOHO,507,7.2,2025-12-19
Buy,KNZL,508,7.2,2025-12-20
Buy,ABBB,509,9.6,2025-12-21
Buy,YVFB,510,2.4,2025-12-22
Buy,VNRT,511,2.4,2025-12-23
Buy,XZGI,512,9.6,2025-12-24
Buy,ZVUN,513,19.2,2025-12-25
Buy,BQUW,514,14.4,2025-12-26
Buy,HKGP,515,14.4,2025-12-27
Buy,KZZM,516,19.2,2025-12-28
Buy,ERLT,517,7.2,2025-12-29
Buy,BYAG,518,2.4,2025-12-30
Buy,NGPY,519,19.2,2025-12-31
Buy,RFDE,520,7.2,2026-01-01
Buy,TLRJ,521,16.8,2026-01-02
Buy,FKXC,522,12,2026-01-03
Buy,GVBT,523,19.2,2026-01-04
Buy,KENU,524,4.8,2026-01-05
Buy,RGRT,525,24,2026-01-06
Buy,QAXZ,526,2.4,2026-01-07
Buy,OTRW,527,2.4,2026-01-08
Buy,FXIH,528,12,2026-01-09
Buy,BKMV,529,7.2,2026-01-10
Buy,RMHS,530,2.4,2026-01-11
Buy,NPXB,531,2.4,2026-01-12
Buy,ATOL,532,24,2026-01-13
Buy,AEDK,533,4.8,2026-01-14
Buy,TYDJ,534,4.8,2026-01-15
Buy,TDNW,535,12,2026-01-16
Buy,VAJU,536,16.8,2026-01-17
Buy,RPUS,537,19.2,2026-01-18
Buy,FNZP,538,9.6,2026-01-19
Buy,SWZG,539,19.2,2026-01-20
Buy,PKOK,540,21.6,2026-01-21
Buy,ZNQT,541,9.6,2026-01-22
Buy,QOVU,542,24,2026-01-23
Buy,EHWP,543,21.6,2026-01-24
Buy,IWJN,544,9.6,2026-01-25
Buy,BOTG,545,14.4,2026-01-26
Buy,EZTA,546,16.8,2026-01-27
Buy,XGJS,547,14.4,2026-01-28
Buy,HHXU,548,19.2,2026-01-29
Buy,MDOQ,549,2.4,2026-01-30
Buy,XLQE,550,16.8,2026-01-31
Buy,OTDP,551,9.6,2026-02-01
Buy,MYKI,552,16.8,2026-02-02
Buy,CDMM,553,9.6,2026-02-03
Buy,JREG,554,9.6,2026-02-04
Buy,SJIB,555,4.8,2026-02-05
Buy,ISSK,556,4.8,2026-02-06
Buy,GAGB,557,14.4,2026-02-07
Buy,FZQQ,558,9.6,2026-02-08
Buy,XCAD,559,24,2026-02-09
Buy,GVDJ,560,7.2,2026-02-10
Buy,GYTX,561,24,2026-02-11
Buy,PVFC,562,21.6,2026-02-12
Buy,AKTL,563,16.8,2026-02-13
Buy,RXFV,564,16.8,2026-02-14
Buy,WELY,565,9.6,2026-02-15
Buy,SAHL,566,7.2,2026-02-16
Buy,TIGF,567,4.8,2026-02-17
Buy,NXHT,568,24,2026-02-18
Buy,PJAU,569,14.4,2026-02-19
Buy,YADW,570,4.8,2026-02-20
Buy,PKCF,571,7.2,2026-02-21
Buy,DSYC,572,21.6,2026-02-22
Buy,VBIH,573,7.2,2026-02-23
Buy,VCON,574,19.2,2026-02-24
Buy,UAEY,575,14.4,2026-02-25
Buy,KMPX,576,16.8,2026-02-26
Buy,QTLC,577,16.8,2026-02-27
Buy,PPKR,578,19.2,2026-02-28
Buy,HBPE,579,19.2,2026-03-01
Buy,FSVW,580,19.2,2026-03-02
Buy,LLZA,581,24,2026-03-03
Buy,LSIY,582,16.8,2026-03-04
Buy,FNMT,583,24,2026-03-05
Buy,MGBJ,584,2.4,2026-03-06
Buy,BQTH,585,21.6,2026-03-07
Buy,NKXP,586,2.4,2026-03-08
Buy,NRTZ,587,12,2026-03-09
Buy,HURU,588,2.4,2026-03-10
Buy,JUNS,589,16.8,2026-03-11
Buy,ZRGH,590,7.2,2026-03-12
Buy,FHUI,591,16.8,2026-03-13
Buy,KIOF,592,12,2026-03-14
Buy,IGFZ,593,2.4,2026-03-15
Buy,DHWI,594,19.2,2026-03-16
Buy,NJXQ,595,7.2,2026-03-17
Buy,GGUH,596,9.6,2026-03-18
Buy,DGFC,597,7.2,2026-03-19
Buy,NLEU,598,4.8,2026-03-20
Buy,YPOQ,599,14.4,2026-03-21
Buy,PYCY,600,21.6,2026-03-22
Buy,DSFS,601,9.6,2026-03-23
Buy,GOOW,602,24,2026-03-24
Buy,MUOH,603,4.8,2026-03-25
Buy,MRLL,604,7.2,2026-03-26
Buy,XXPO,605,7.2,2026-03-27
Buy,WMAF,606,4.8,2026-03-28
Buy,TDLS,607,16.8,2026-03-29
Buy,HHIO,608,12,2026-03-30
Buy,VQND,609,7.2,2026-03-31
Buy,KYHD,610,7.2,2026-04-01
Buy,QLBZ,611,4.8,2026-04-02
Buy,UVBH,612,12,2026-04-03
Buy,ZIGZ,613,2.4,2026-04-04
Buy,XQYP,614,21.6,2026-04-05
Buy,XRFF,615,2.4,2026-04-06
Buy,NYOJ,616,21.6,2026-04-07
Buy,WZYD,617,7.2,2026-04-08
Buy,QCJW,618,9.6,2026-04-09
Buy,YKQZ,619,12,2026-04-10
Buy,GUKC,620,21.6,2026-04-11
Buy,ORHO,621,14.4,2026-04-12
Buy,UNXE,622,7.2,2026-04-13
Buy,NDOK,623,2.4,2026-04-14
Buy,GACS,624,2.4,2026-04-15
Buy,WGWE,625,4.8,2026-04-16
Buy,SDWL,626,4.8,2026-04-17
Buy,BIMD,627,21.6,2026-04-18
Buy,TGYY,628,4.8,2026-04-19
Buy,TYNX,629,14.4,2026-04-20
Buy,WZJT,630,9.6,2026-04-21
Buy,HWIS,631,14.4,2026-04-22
Buy,HJNX,632,14.4,2026-04-23
Buy,KMFI,633,16.8,2026-04-24
Buy,RNPN,634,4.8,2026-04-25
Buy,JXIE,635,24,2026-04-26
Buy,PPOU,636,21.6,2026-04-27
Buy,EOYM,637,24,2026-04-28
Buy,CKRH,638,16.8,2026-04-29
Buy,MFSH,639,4.8,2026-04-30
Buy,RARF,640,14.4,2026-05-01
Buy,OASL,641,7.2,2026-05-02
Buy,SEEC,642,19.2,2026-05-03
Buy,SDIQ,643,2.4,2026-05-04
Buy,ORGU,644,4.8,2026-05-05
Buy,ZRWB,645,4.8,2026-05-06
Buy,XMOU,646,19.2,2026-05-07
Buy,GSUA,647,21.6,2026-05-08
Buy,VHAB,648,2.4,2026-05-09
Buy,QKWG,649,14.4,2026-05-10
Buy,CNZI,650,14.4,2026-05-11
Buy,DDFQ,651,19.2,2026-05-12
Buy,TJPG,652,16.8,2026-05-13
Buy,FRTX,653,2.4,2026-05-14
Buy,SMEM,654,19.2,2026-05-15
Buy,ZVKS,655,4.8,2026-05-16
Buy,VSGF,656,4.8,2026-05-17
Buy,CZLP,657,21.6,2026-05-18
Buy,OCDP,658,9.6,2026-05-19
Buy,MVIY,659,4.8,2026-05-20
Buy,MQVD,660,7.2,2026-05-21
Buy,IDYG,661,2.4,2026-05-22
Buy,LAJO,662,19.2,2026-05-23
Buy,PNTD,663,2.4,2026-05-24
Buy,ODHB,664,14.4,2026-05-25
Buy,QXIX,665,24,2026-05-26
Buy,WUOS,666,2.4,2026-05-27
Buy,TCDT,667,24,2026-05-28
Buy,OQJI,668,21.6,2026-05-29
Buy,ZQCQ,669,14.4,2026-05-30
Buy,FGAG,670,21.6,2026-05-31
Buy,SYCR,671,9.6,2026-06-01
Buy,CLBM,672,19.2,2026-06-02
Buy,UUQS,673,21.6,2026-06-03
Buy,EQUN,674,12,2026-06-04
Buy,YRAL,675,9.6,2026-06-05
Buy,RONJ,676,4.8,2026-06-06
Buy,GYPL,677,14.4,2026-06-07
Buy,KYLN,678,4.8,2026-06-08
Buy,FPJX,679,12,2026-06-09
Buy,CIRL,680,12,2026-06-10
Buy,VWOA,681,2.4,2026-06-11
Buy,URZH,682,21.6,2026-06-12
Buy,BVJP,683,16.8,2026-06-13
Buy,TTZI,684,16.8,2026-06-14
Buy,SVFI,685,7.2,2026-06-15
Buy,VYGX,686,12,2026-06-16
Buy,DAEC,687,4.8,2026-06-17
Buy,WFSP,688,9.6,2026-06-18
Buy,JGFN,689,7.2,2026-06-19
Buy,HCGH,690,21.6,2026-06-20
Buy,JCTJ,691,16.8,2026-06-21
Buy,BDGJ,692,9.6,2026-06-22
Buy,WJFV,693,19.2,2026-06-23
Buy,YTPH,694,4.8,2026-06-24
Buy,SONB,695,19.2,2026-06-25
Buy,VYXU,696,16.8,2026-06-26
Buy,NRDE,697,14.4,2026-06-27
Buy,FJXY,698,12,2026-06-28
Buy,YMEL,699,21.6,2026-06-29
Buy,ZPCT,700,12,2026-06-30
Buy,RCRI,701,16.8,2026-07-01
Buy,DWXV,702,9.6,2026-07-02
Buy,OXDF,703,2.4,2026-07-03
Buy,LODB,704,14.4,2026-07-04
Buy,MRTA,705,4.8,2026-07-05
Buy,KUKC,706,24,2026-07-06
Buy,SDLR,707,24,2026-07-07
Buy,BJAO,708,9.6,2026-07-08
Buy,FOQJ,709,4.8,2026-07-09
Buy,RYVN,710,24,2026-07-10
Buy,DIBD,711,2.4,2026-07-11
Buy,LXPY,712,4.8,2026-07-12
Buy,OMCR,713,24,2026-07-13
Buy,PIOT,714,4.8,2026-07-14
Buy,XIQQ,715,14.4,2026-07-15
Buy,BIFI,716,16.8,2026-07-16
Buy,XLCG,717,9.6,2026-07-17
Buy,NKPA,718,9.6,2026-07-18
Buy,SCDX,719,2.4,2026-07-19
Buy,QGBS,720,9.6,2026-07-20
Buy,RQNM,721,9.6,2026-07-21
Buy,ZNJN,722,12,2026-07-22
Buy,KSJO,723,9.6,2026-07-23
Buy,CXJX,724,12,2026-07-24
Buy,EXDX,725,24,2026-07-25
Buy,YIBC,726,24,2026-07-26
Buy,RWCB,727,4.8,2026-07-27
Buy,DMIP,728,21.6,2026-07-28
Buy,JQMH,729,12,2026-07-29
Buy,WGZE,730,12,2026-07-30
Buy,VADC,731,16.8,2026-07-31
Buy,ATWM,732,4.8,2026-08-01
Buy,VBDD,733,12,2026-08-02
Buy,PCJE,734,24,2026-08-03
Buy,XSQX,735,9.6,2026-08-04
Buy,WGMV,736,12,2026-08-05
Buy,DVTB,737,7.2,2026-08-06
Buy,LNKJ,738,14.4,2026-08-07
Buy,EKIM,739,4.8,2026-08-08
Buy,FJNC,740,14.4,2026-08-09
Buy,MSHS,741,24,2026-08-10
Buy,TJCN,742,12,2026-08-11
Buy,HRSP,743,24,2026-08-12
Buy,CIMH,744,14.4,2026-08-13
Buy,HCUY,745,9.6,2026-08-14
Buy,HBMZ,746,16.8,2026-08-15
Buy,QGFC,747,9.6,2026-08-16
Buy,TCOX,748,19.2,2026-08-17
Buy,CHXQ,749,12,2026-08-18
Buy,GRSX,750,19.2,2026-08-19
Buy,GMXL,751,2.4,2026-08-20
Buy,TJND,752,4.8,2026-08-21
Buy,ZPKZ,753,21.6,2026-08-22
Buy,KBVY,754,21.6,2026-08-23
Buy,LMWV,755,7.2,2026-08-24
Buy,DSTZ,756,12,2026-08-25
Buy,HTTE,757,7.2,2026-08-26
Buy,PLMP,758,24,2026-08-27
Buy,TPUS,759,4.8,2026-08-28
Buy,TZNW,760,19.2,2026-08-29
Buy,BYQV,761,19.2,2026-08-30
Buy,IBZE,762,14.4,2026-08-31
Buy,WJDZ,763,16.8,2026-09-01
Buy,NMNV,764,9.6,2026-09-02
Buy,VWMY,765,2.4,2026-09-03
Buy,LOFR,766,21.6,2026-09-04
Buy,EUII,767,21.6,2026-09-05
Buy,IPMV,768,7.2,2026-09-06
Buy,RLTX,769,21.6,2026-09-07
Buy,TXPN,770,2.4,2026-09-08
Buy,UQQC,771,24,2026-09-09
Buy,BAHQ,772,16.8,2026-09-10
Buy,DKWV,773,12,2026-09-11
Buy,ASPY,774,4.8,2026-09-12
Buy,LREF,775,9.6,2026-09-13
Buy,MSCZ,776,19.2,2026-09-14
Buy,KLMS,777,21.6,2026-09-15
Buy,FKZB,778,21.6,2026-09-16
Buy,FAHT,779,19.2,2026-09-17
Buy,BDNQ,780,16.8,2026-09-18
Buy,FQGQ,781,21.6,2026-09-19
Buy,IEUB,782,9.6,2026-09-20
Buy,KAVB,783,24,2026-09-21
Buy,SNYN,784,16.8,2026-09-22
Buy,DWZP,785,19.2,2026-09-23
Buy,SVPP,786,14.4,2026-09-24
Buy,PYHV,787,19.2,2026-09-25
Buy,IMLZ,788,9.6,2026-09-26
Buy,LIHM,789,14.4,2026-09-27
Buy,IRNN,790,16.8,2026-09-28
Buy,LAPJ,791,2.4,2026-09-29
Buy,RRXI,792,16.8,2026-09-30
Buy,SXTM,793,21.6,2026-10-01
Buy,WYIT,794,7.2,2026-10-02
Buy,QIXC,795,9.6,2026-10-03
Buy,SKYG,796,19.2,2026-10-04
Buy,HGJH,797,14.4,2026-10-05
Buy,OFID,798,24,2026-10-06
Buy,CSRP,799,9.6,2026-10-07
Buy,OJUL,800,4.8,2026-10-08
Buy,HZLL,801,7.2,2026-10-09
Buy,MIQH,802,14.4,2026-10-10
Buy,AIZL,803,12,2026-10-11
Buy,NIOJ,804,9.6,2026-10-12
Buy,WIMP,805,16.8,2026-10-13
Buy,DSRL,806,24,2026-10-14
Buy,TBTE,807,16.8,2026-10-15
Buy,PILB,808,9.6,2026-10-16
Buy,BMOE,809,4.8,2026-10-17
Buy,GZCE,810,2.4,2026-10-18
Buy,TUEG,811,14.4,2026-10-19
Buy,EBBE,812,16.8,2026-10-20
Buy,KFYI,813,2.4,2026-10-21
Buy,ZVCD,814,4.8,2026-10-22
Buy,LQAM,815,2.4,2026-10-23
Buy,SVNS,816,12,2026-10-24
Buy,JEPZ,817,9.6,2026-10-25
Buy,JXRR,818,2.4,2026-10-26
Buy,BUXX,819,7.2,2026-10-27
Buy,LBDP,820,21.6,2026-10-28
Buy,UAWR,821,16.8,2026-10-29
Buy,JWUC,822,4.8,2026-10-30
Buy,GOAS,823,24,2026-10-31
Buy,ITDJ,824,16.8,2026-11-01
Buy,JJVF,825,2.4,2026-11-02
Buy,FKPN,826,14.4,2026-11-03
Buy,HHDJ,827,7.2,2026-11-04
Buy,SHIC,828,2.4,2026-11-05
Buy,UIIT,829,2.4,2026-11-06
Buy,BOSU,830,14.4,2026-11-07
Buy,BLRF,831,9.6,2026-11-08
Buy,YAVS,832,21.6,2026-11-09
Buy,QKIA,833,24,2026-11-10
Buy,UCMN,834,7.2,2026-11-11
Buy,GJFN,835,4.8,2026-11-12
Buy,EWDL,836,9.6,2026-11-13
Buy,GQFF,837,9.6,2026-11-14
Buy,CYSB,838,2.4,2026-11-15
Buy,LKLX,839,14.4,2026-11-16
Buy,JVZM,840,2.4,2026-11-17
Buy,DBBY,841,7.2,2026-11-18
Buy,MJRI,842,9.6,2026-11-19
Buy,DLSR,843,24,2026-11-20
Buy,IENP,844,24,2026-11-21
Buy,GXEZ,845,14.4,2026-11-22
Buy,XLYM,846,12,2026-11-23
Buy,BAWT,847,12,2026-11-24
Buy,PSIT,848,21.6,2026-11-25
Buy,QLJX,849,2.4,2026-11-26
Buy,UCID,850,2.4,2026-11-27
Buy,YDWO,851,16.8,2026-11-28
Buy,ZATI,852,21.6,2026-11-29
Buy,AQNE,853,16.8,2026-11-30
Buy,OCPA,854,7.2,2026-12-01
Buy,NKCK,855,16.8,2026-12-02
Buy,PGXZ,856,7.2,2026-12-03
Buy,GQXO,857,16.8,2026-12-04
Buy,ZJLN,858,7.2,2026-12-05
Buy,JXCJ,859,9.6,2026-12-06
Buy,APIS,860,7.2,2026-12-07
Buy,HTCA,861,2.4,2026-12-08
Buy,UZCA,862,16.8,2026-12-09
Buy,RYAZ,863,21.6,2026-12-10
Buy,BSBS,864,9.6,2026-12-11
Buy,JJWG,865,21.6,2026-12-12
Buy,JPAT,866,7.2,2026-12-13
Buy,BPFQ,867,12,2026-12-14
Buy,ABTN,868,12,2026-12-15
Buy,THTK,869,21.6,2026-12-16
Buy,OSIJ,870,14.4,2026-12-17
Buy,CFPT,871,7.2,2026-12-18
Buy,RCHM,872,4.8,2026-12-19
Buy,JAOR,873,16.8,2026-12-20
Buy,FUNE,874,16.8,2026-12-21
Buy,WILM,875,19.2,2026-12-22
Buy,OEZC,876,24,2026-12-23
Buy,XJNH,877,7.2,2026-12-24
Buy,RQKR,878,4.8,2026-12-25
Buy,UJMN,879,14.4,2026-12-26
Buy,XLIR,880,9.6,2026-12-27
Buy,VXEW,881,16.8,2026-12-28
Buy,VXRT,882,16.8,2026-12-29
Buy,QKPR,883,4.8,2026-12-30
Buy,OGNU,884,21.6,2026-12-31
Buy,DDQK,885,9.6,2027-01-01
Buy,KXHG,886,21.6,2027-01-02
Buy,MYWA,887,2.4,2027-01-03
Buy,GIKT,888,16.8,2027-01-04
Buy,OSXX,889,19.2,2027-01-05
Buy,WFUL,890,16.8,2027-01-06
Buy,THVI,891,21.6,2027-01-07
Buy,ZEOI,892,19.2,2027-01-08
Buy,XMUP,893,19.2,2027-01-09
Buy,QRQA,894,12,2027-01-10
Buy,PJJX,895,24,2027-01-11
Buy,NCWB,896,19.2,2027-01-12
Buy,CDJA,897,9.6,2027-01-13
Buy,ASQT,898,2.4,2027-01-14
Buy,YSIN,899,19.2,2027-01-15
Buy,JFYR,900,24,2027-01-16
Buy,KQUA,901,19.2,2027-01-17
Buy,GQFS,902,12,2027-01-18
Buy,STTV,903,19.2,2027-01-19
Buy,GPAA,904,16.8,2027-01-20
Buy,GDGA,905,2.4,2027-01-21
Buy,ZFWW,906,19.2,2027-01-22
Buy,DHEX,907,12,2027-01-23
Buy,TGSR,908,9.6,2027-01-24
Buy,HFFI,909,14.4,2027-01-25
Buy,EUEQ,910,14.4,2027-01-26
Buy,YHGK,911,9.6,2027-01-27
Buy,BJXO,912,12,2027-01-28
Buy,XGPV,913,9.6,2027-01-29
Buy,SFJL,914,4.8,2027-01-30
Buy,XXLO,915,2.4,2027-01-31
Buy,QXFN,916,7.2,2027-02-01
Buy,LSKM,917,9.6,2027-02-02
Buy,XEWJ,918,7.2,2027-02-03
Buy,WBCM,919,4.8,2027-02-04
Buy,BVBS,920,14.4,2027-02-05
Buy,CBUC,921,16.8,2027-02-06
Buy,PXPS,922,16.8,2027-02-07
Buy,GKXR,923,12,2027-02-08
Buy,NOTB,924,16.8,2027-02-09
Buy,OVUR,925,16.8,2027-02-10
Buy,JXHQ,926,14.4,2027-02-11
Buy,JNRO,927,7.2,2027-02-12
Buy,MWNR,928,7.2,2027-02-13
Buy,NWUZ,929,16.8,2027-02-14
Buy,DJOF,930,12,2027-02-15
Buy,NCBT,931,2.4,2027-02-16
Buy,ZUUK,932,7.2,2027-02-17
Buy,QHGU,933,4.8,2027-02-18
Buy,NBDQ,934,14.4,2027-02-19
Buy,PBIT,935,9.6,2027-02-20
Buy,YSMB,936,4.8,2027-02-21
Buy,UIED,937,14.4,2027-02-22
Buy,SSYZ,938,21.6,2027-02-23
Buy,LOEB,939,24,2027-02-24
Buy,ALAH,940,21.6,2027-02-25
Buy,FCSR,941,24,2027-02-26
Buy,LSRO,942,16.8,2027-02-27
Buy,GRPE,943,16.8,2027-02-28
Buy,EIMJ,944,21.6,2027-03-01
Buy,SODW,945,21.6,2027-03-02
Buy,LXGD,946,7.2,2027-03-03
Buy,GKPH,947,24,2027-03-04
Buy,GBVH,948,7.2,2027-03-05
Buy,NOKH,949,4.8,2027-03-06
Buy,DYNW,950,21.6,2027-03-07
Buy,CJFN,951,9.6,2027-03-08
Buy,DSJJ,952,12,2027-03-09
Buy,BGRZ,953,21.6,2027-03-10
Buy,RQUJ,954,21.6,2027-03-11
Buy,XFQP,955,24,2027-03-12
Buy,GRTS,956,7.2,2027-03-13
Buy,RAKQ,957,14.4,2027-03-14
Buy,MZBO,958,4.8,2027-03-15
Buy,EQLR,959,24,2027-03-16
Buy,EQAJ,960,4.8,2027-03-17
Buy,EJBW,961,2.4,2027-03-18
Buy,XWID,962,9.6,2027-03-19
Buy,JRKW,963,16.8,2027-03-20
Buy,HANN,964,4.8,2027-03-21
Buy,BYXD,965,16.8,2027-03-22
Buy,MZKZ,966,12,2027-03-23
Buy,PRKV,967,14.4,2027-03-24
Buy,YCVN,968,16.8,2027-03-25
Buy,NEXY,969,9.6,2027-03-26
Buy,KKLC,970,4.8,2027-03-27
Buy,AACX,971,9.6,2027-03-28
Buy,RDQZ,972,4.8,2027-03-29
Buy,ORHX,973,19.2,2027-03-30
Buy,OZLH,974,7.2,2027-03-31
Buy,QIAP,975,12,2027-04-01
Buy,AJLI,976,16.8,2027-04-02
Buy,QWGI,977,16.8,2027-04-03
Buy,KYJT,978,7.2,2027-04-04
Buy,ZFHO,979,14.4,2027-04-05
Buy,XCJY,980,19.2,2027-04-06
Buy,UNGV,981,14.4,2027-04-07
Buy,TDVA,982,7.2,2027-04-08
Buy,KQQU,983,16.8,2027-04-09
Buy,DAPP,984,14.4,2027-04-10
Buy,WFOT,985,7.2,2027-04-11
Buy,ZTVW,986,9.6,2027-04-12
Buy,YXDP,987,16.8,2027-04-13
Buy,JXUH,988,2.4,2027-04-14
Buy,TASG,989,12,2027-04-15
Buy,PAXM,990,2.4,2027-04-16
Buy,FQKV,991,16.8,2027-04-17
Buy,PGPK,992,14.4,2027-04-18
Buy,SFVF,993,24,2027-04-19
Buy,IIWR,994,4.8,2027-04-20
Buy,JFWB,995,9.6,2027-04-21
Buy,BATW,996,24,2027-04-22
Buy,VNMY,997,9.6,2027-04-23
Buy,XLKQ,998,4.8,2027-04-24
Buy,GVHV,999,16.8,2027-04-25
Buy,RWRC,1000,19.2,2027-04-26
Buy,NRIF,1001,16.8,2027-04-27
Buy,WMZF,1002,19.2,2027-04-28
Buy,RYAU,1003,9.6,2027-04-29
Buy,QVAJ,1004,12,2027-04-30
Buy,WCJY,1005,21.6,2027-05-01
Buy,OJFI,1006,4.8,2027-05-02
Buy,CAIS,1007,2.4,2027-05-03
Buy,MEBK,1008,7.2,2027-05-04
Buy,XTKN,1009,12,2027-05-05
Buy,XRDN,1010,12,2027-05-06
Buy,FPOW,1011,21.6,2027-05-07
Buy,IKNP,1012,2.4,2027-05-08
Buy,TESZ,1013,2.4,2027-05-09
Buy,VNCX,1014,21.6,2027-05-10
Buy,ZRQK,1015,9.6,2027-05-11
Buy,FWSE,1016,19.2,2027-05-12
Buy,NYVS,1017,2.4,2027-05-13
Buy,UFJC,1018,14.4,2027-05-14
Buy,VZCO,1019,24,2027-05-15
Buy,BOSH,1020,14.4,2027-05-16
Buy,RQWQ,1021,7.2,2027-05-17
Buy,SPKZ,1022,14.4,2027-05-18
Buy,UAQY,1023,24,2027-05-19
Buy,MOHZ,1024,9.6,2027-05-20
Buy,RSUT,1025,21.6,2027-05-21
Buy,TUMS,1026,21.6,2027-05-22
Buy,VBLS,1027,24,2027-05-23
Buy,QXIH,1028,24,2027-05-24
Buy,OOSL,1029,24,2027-05-25
Buy,PAHF,1030,14.4,2027-05-26
Buy,XLRN,1031,2.4,2027-05-27
Buy,BPTI,1032,14.4,2027-05-28
Buy,ZZSN,1033,24,2027-05-29
Buy,XDPO,1034,9.6,2027-05-30
Buy,NQRV,1035,19.2,2027-05-31
Buy,GDWU,1036,7.2,2027-06-01
Buy,PLFV,1037,9.6,2027-06-02
Buy,JWVU,1038,4.8,2027-06-03
Buy,GKVM,1039,16.8,2027-06-04
Buy,INYL,1040,7.2,2027-06-05
Buy,QERT,1041,16.8,2027-06-06
Buy,XOPC,1042,16.8,2027-06-07
Buy,QKJR,1043,14.4,2027-06-08
Buy,PIMJ,1044,12,2027-06-09
Buy,NBGC,1045,24,2027-06-10
Buy,WSKZ,1046,9.6,2027-06-11
Buy,JNLO,1047,19.2,2027-06-12
Buy,JVSG,1048,7.2,2027-06-13
Buy,SSUB,1049,19.2,2027-06-14
Buy,NSZD,1050,7.2,2027-06-15
Buy,QQIN,1051,16.8,2027-06-16
Buy,SLRB,1052,9.6,2027-06-17
Buy,DQEF,1053,7.2,2027-06-18
Buy,YZBH,1054,14.4,2027-06-19
Buy,LVDG,1055,12,2027-06-20
Buy,REZK,1056,9.6,2027-06-21
Buy,NHJT,1057,16.8,2027-06-22
Buy,JVCV,1058,14.4,2027-06-23
Buy,SPPE,1059,2.4,2027-06-24
Buy,HHEO,1060,19.2,2027-06-25
Buy,EDGN,1061,19.2,2027-06-26
Buy,EIQZ,1062,12,2027-06-27
Buy,YZUG,1063,9.6,2027-06-28
Buy,UBZA,1064,7.2,2027-06-29
Buy,RNKF,1065,14.4,2027-06-30
Buy,FNLS,1066,2.4,2027-07-01
Buy,MUJI,1067,12,2027-07-02
Buy,JPAG,1068,16.8,2027-07-03
Buy,MUTT,1069,19.2,2027-07-04
Buy,HAGJ,1070,21.6,2027-07-05
Buy,DUVT,1071,12,2027-07-06
Buy,XEXB,1072,9.6,2027-07-07
Buy,KTZU,1073,19.2,2027-07-08
Buy,JRRA,1074,24,2027-07-09
Buy,AVCB,1075,16.8,2027-07-10
Buy,NBRK,1076,2.4,2027-07-11
Buy,NYMO,1077,12,2027-07-12
Buy,ZLYF,1078,14.4,2027-07-13
Buy,EEME,1079,19.2,2027-07-14
Buy,YWUI,1080,4.8,2027-07-15
Buy,DHMZ,1081,21.6,2027-07-16
Buy,EGAA,1082,9.6,2027-07-17
Buy,YCZV,1083,9.6,2027-07-18
Buy,QDHO,1084,9.6,2027-07-19
Buy,TAIG,1085,14.4,2027-07-20
Buy,MLQK,1086,12,2027-07-21
Buy,VHVL,1087,4.8,2027-07-22
Buy,DUMF,1088,14.4,2027-07-23
Buy,PDOY,1089,7.2,2027-07-24
Buy,CVNS,1090,9.6,2027-07-25
Buy,USPM,1091,14.4,2027-07-26
Buy,IPUI,1092,14.4,2027-07-27
Buy,FFUY,1093,14.4,2027-07-28
Buy,FUJM,1094,14.4,2027-07-29
Buy,AOEL,1095,2.4,2027-07-30
Buy,JSVH,1096,21.6,2027-07-31
Buy,FCPX,1097,4.8,2027-08-01
Buy,OATK,1098,2.4,2027-08-02
Buy,ZEEW,1099,24,2027-08-03
Buy,XQNG,1100,7.2,2027-08-04
Buy,IZEH,1101,4.8,2027-08-05
Buy,XWVH,1102,7.2,2027-08-06
Buy,DWIZ,1103,7.2,2027-08-07
Buy,XKRA,1104,14.4,2027-08-08
Buy,CXVO,1105,21.6,2027-08-09
Buy,DAIT,1106,21.6,2027-08-10
Buy,JBDJ,1107,2.4,2027-08-11
Buy,ATGP,1108,7.2,2027-08-12
Buy,UJTL,1109,21.6,2027-08-13
Buy,IBHO,1110,7.2,2027-08-14
Buy,HXTS,1111,19.2,2027-08-15
Buy,PXPO,1112,4.8,2027-08-16
Buy,AHIW,1113,16.8,2027-08-17
Buy,HTSK,1114,24,2027-08-18
Buy,FBUT,1115,19.2,2027-08-19
Buy,RFSV,1116,12,2027-08-20
Buy,KTPO,1117,14.4,2027-08-21
Buy,POOO,1118,24,2027-08-22
Buy,TIPR,1119,19.2,2027-08-23
Buy,TEEG,1120,16.8,2027-08-24
Buy,ZCJJ,1121,2.4,2027-08-25
Buy,LQYA,1122,2.4,2027-08-26
Buy,QLVO,1123,7.2,2027-08-27
Buy,HQSL,1124,24,2027-08-28
Buy,VJUT,1125,12,2027-08-29
Buy,FJVO,1126,2.4,2027-08-30
Buy,POZC,1127,7.2,2027-08-31
Buy,KSBP,1128,9.6,2027-09-01
Buy,VVTB,1129,2.4,2027-09-02
Buy,LUHR,1130,14.4,2027-09-03
Buy,QCGZ,1131,9.6,2027-09-04
Buy,VROC,1132,7.2,2027-09-05
Buy,NCTA,1133,24,2027-09-06
Buy,BASW,1134,7.2,2027-09-07
Buy,VVEN,1135,14.4,2027-09-08
Buy,QIXF,1136,4.8,2027-09-09
Buy,QIZC,1137,24,2027-09-10
Buy,WZQD,1138,21.6,2027-09-11
Buy,YXYK,1139,9.6,2027-09-12
Buy,XHQV,1140,7.2,2027-09-13
Buy,YXKB,1141,9.6,2027-09-14
Buy,SEJM,1142,4.8,2027-09-15
Buy,TUFD,1143,24,2027-09-16
Buy,KXLQ,1144,16.8,2027-09-17
Buy,EKDA,1145,12,2027-09-18
Buy,YOGG,1146,21.6,2027-09-19
Buy,OWSZ,1147,14.4,2027-09-20
Buy,PAQH,1148,2.4,2027-09-21
Buy,SFKV,1149,4.8,2027-09-22
Buy,NNDU,1150,21.6,2027-09-23
Buy,KNIX,1151,2.4,2027-09-24
Buy,FYDF,1152,21.6,2027-09-25
Buy,ACFY,1153,24,2027-09-26
Buy,DYLR,1154,16.8,2027-09-27
Buy,RRZM,1155,7.2,2027-09-28
Buy,XEBP,1156,2.4,2027-09-29
Buy,OGWR,1157,12,2027-09-30
Buy,HZWA,1158,12,2027-10-01
Buy,PFSC,1159,19.2,2027-10-02
Buy,RBRZ,1160,9.6,2027-10-03
Buy,RKXH,1161,4.8,2027-10-04
Buy,GYYF,1162,24,2027-10-05
Buy,FLXA,1163,4.8,2027-10-06
Buy,XAED,1164,16.8,2027-10-07
Buy,ZOPY,1165,21.6,2027-10-08
Buy,SOYR,1166,2.4,2027-10-09
Buy,QPDN,1167,16.8,2027-10-10
Buy,BWLA,1168,12,2027-10-11
Buy,EHRH,1169,19.2,2027-10-12
Buy,ITEU,1170,4.8,2027-10-13
Buy,TRPB,1171,16.8,2027-10-14
Buy,TWWJ,1172,21.6,2027-10-15
Buy,EYYC,1173,4.8,2027-10-16
Buy,ADXC,1174,16.8,2027-10-17
Buy,JCWZ,1175,2.4,2027-10-18
Buy,LPTM,1176,19.2,2027-10-19
Buy,ODGV,1177,2.4,2027-10-20
Buy,FXHG,1178,19.2,2027-10-21
Buy,UMCG,1179,12,2027-10-22
Buy,ZNAB,1180,7.2,2027-10-23
Buy,YTRC,1181,21.6,2027-10-24
Buy,EHCF,1182,24,2027-10-25
Buy,MGLA,1183,21.6,2027-10-26
Buy,ULRM,1184,2.4,2027-10-27
Buy,DOGI,1185,14.4,2027-10-28
Buy,HESF,1186,24,2027-10-29
Buy,NDFH,1187,14.4,2027-10-30
Buy,FXNW,1188,2.4,2027-10-31
Buy,IVKN,1189,16.8,2027-11-01
Buy,JWRH,1190,12,2027-11-02
Buy,RXLG,1191,14.4,2027-11-03
Buy,WXBC,1192,19.2,2027-11-04
Buy,UXKI,1193,4.8,2027-11-05
Buy,HMXC,1194,9.6,2027-11-06
Buy,EGWO,1195,24,2027-11-07
Buy,VVIW,1196,24,2027-11-08
Buy,YRRL,1197,19.2,2027-11-09
Buy,KSRG,1198,2.4,2027-11-10
Buy,WEEW,1199,19.2,2027-11-11
Buy,STMT,1200,4.8,2027-11-12
Buy,XLKA,1201,16.8,2027-11-13
Buy,KJWP,1202,7.2,2027-11-14
Buy,KUQN,1203,16.8,2027-11-15
Buy,HNTN,1204,2.4,2027-11-16
Buy,TDPO,1205,21.6,2027-11-17
Buy,DMFV,1206,21.6,2027-11-18
Buy,BCQX,1207,24,2027-11-19
Buy,IWIS,1208,2.4,2027-11-20
Buy,PXCZ,1209,12,2027-11-21
Buy,DUIY,1210,4.8,2027-11-22
Buy,TAJP,1211,24,2027-11-23
Buy,CODA,1212,9.6,2027-11-24
Buy,HNET,1213,2.4,2027-11-25
Buy,DXRM,1214,2.4,2027-11-26
Buy,TJWM,1215,4.8,2027-11-27
Buy,FLJC,1216,9.6,2027-11-28
Buy,PFGY,1217,14.4,2027-11-29
Buy,EDAB,1218,4.8,2027-11-30
Buy,ABVS,1219,21.6,2027-12-01
Buy,JKTF,1220,9.6,2027-12-02
Buy,WATU,1221,16.8,2027-12-03
Buy,HVIH,1222,19.2,2027-12-04
Buy,KROM,1223,19.2,2027-12-05
Buy,ISGS,1224,19.2,2027-12-06
Buy,DVJC,1225,16.8,2027-12-07
Buy,WHAJ,1226,14.4,2027-12-08
Buy,IJOD,1227,9.6,2027-12-09
Buy,PJLW,1228,19.2,2027-12-10
Buy,CBUV,1229,14.4,2027-12-11
Buy,IRXN,1230,12,2027-12-12
Buy,RGDZ,1231,19.2,2027-12-13
Buy,DFHK,1232,21.6,2027-12-14
Buy,KWZT,1233,24,2027-12-15
Buy,XUSI,1234,16.8,2027-12-16
Buy,CQSE,1235,21.6,2027-12-17
Buy,FXKU,1236,21.6,2027-12-18
Buy,PGQV,1237,19.2,2027-12-19
Buy,GTDI,1238,9.6,2027-12-20
Buy,SSFX,1239,7.2,2027-12-21
Buy,JMON,1240,7.2,2027-12-22
Buy,YHER,1241,12,2027-12-23
Buy,OEUP,1242,2.4,2027-12-24
Buy,AYGW,1243,7.2,2027-12-25
Buy,XXCX,1244,7.2,2027-12-26
Buy,IPYR,1245,2.4,2027-12-27
Buy,BRNQ,1246,2.4,2027-12-28
Buy,FVIZ,1247,21.6,2027-12-29
Buy,PHCX,1248,2.4,2027-12-30
Buy,LZPR,1249,24,2027-12-31
Buy,MXJY,1250,24,2028-01-01
Buy,DWWV,1251,12,2028-01-02
Buy,FMKB,1252,24,2028-01-03
Buy,JEPT,1253,12,2028-01-04
Buy,VZXY,1254,14.4,2028-01-05
Buy,XVRZ,1255,14.4,2028-01-06
Buy,CCWY,1256,21.6,2028-01-07
Buy,HDCO,1257,12,2028-01-08
Buy,NYTM,1258,7.2,2028-01-09
Buy,MKIV,1259,16.8,2028-01-10
Buy,BGAD,1260,19.2,2028-01-11
Buy,XXHH,1261,21.6,2028-01-12
Buy,KOIB,1262,4.8,2028-01-13
Buy,NFLL,1263,9.6,2028-01-14
Buy,LYRZ,1264,2.4,2028-01-15
Buy,XBGB,1265,24,2028-01-16
Buy,SFJA,1266,9.6,2028-01-17
Buy,NKXY,1267,21.6,2028-01-18
Buy,WMMD,1268,19.2,2028-01-19
Buy,ROJH,1269,19.2,2028-01-20
Buy,ASPD,1270,4.8,2028-01-21
Buy,GDLD,1271,12,2028-01-22
Buy,OJGY,1272,7.2,2028-01-23
Buy,EJNC,1273,4.8,2028-01-24
Buy,TPTW,1274,4.8,2028-01-25
Buy,IQKL,1275,21.6,2028-01-26
Buy,KPJI,1276,4.8,2028-01-27
Buy,POIZ,1277,4.8,2028-01-28
Buy,CPHS,1278,16.8,2028-01-29
Buy,EGJE,1279,14.4,2028-01-30
Buy,CYFR,1280,19.2,2028-01-31
Buy,KPIL,1281,21.6,2028-02-01
Buy,WMAS,1282,9.6,2028-02-02
Buy,HTWY,1283,12,2028-02-03
Buy,PTZK,1284,7.2,2028-02-04
Buy,ZPTX,1285,7.2,2028-02-05
Buy,RAMD,1286,21.6,2028-02-06
Buy,TWKB,1287,16.8,2028-02-07
Buy,SYXC,1288,16.8,2028-02-08
Buy,CAOC,1289,9.6,2028-02-09
Buy,NXOA,1290,7.2,2028-02-10
Buy,EKVB,1291,14.4,2028-02-11
Buy,ZOHM,1292,9.6,2028-02-12
Buy,NQHH,1293,16.8,2028-02-13
Buy,TPWH,1294,12,2028-02-14
Buy,OINA,1295,4.8,2028-02-15
Buy,IGWL,1296,9.6,2028-02-16
Buy,VFSV,1297,2.4,2028-02-17
Buy,VBDV,1298,9.6,2028-02-18
Buy,PYMT,1299,21.6,2028-02-19
Buy,CTFA,1300,19.2,2028-02-20
Buy,NRMH,1301,7.2,2028-02-21
Buy,VDHZ,1302,9.6,2028-02-22
Buy,XIQG,1303,9.6,2028-02-23
Buy,TORB,1304,12,2028-02-24
Buy,GWFC,1305,7.2,2028-02-25
Buy,FPBU,1306,12,2028-02-26
Buy,OQKC,1307,4.8,2028-02-27
Buy,UCFQ,1308,4.8,2028-02-28
Buy,AWJL,1309,19.2,2028-02-29
Buy,GMKN,1310,16.8,2028-03-01
Buy,GRJG,1311,2.4,2028-03-02
Buy,HJLX,1312,2.4,2028-03-03
Buy,CLFH,1313,9.6,2028-03-04
Buy,PTCB,1314,7.2,2028-03-05
Buy,VSID,1315,21.6,2028-03-06
Buy,JPFH,1316,7.2,2028-03-07
Buy,HKMO,1317,24,2028-03-08
Buy,GIVX,1318,24,2028-03-09
Buy,XEAY,1319,19.2,2028-03-10
Buy,GCNG,1320,16.8,2028-03-11
Buy,SEHJ,1321,7.2,2028-03-12
Buy,XKQK,1322,4.8,2028-03-13
Buy,EKRY,1323,16.8,2028-03-14
Buy,GACI,1324,7.2,2028-03-15
Buy,DFDD,1325,9.6,2028-03-16
Buy,NNUV,1326,21.6,2028-03-17
Buy,VOEU,1327,4.8,2028-03-18
Buy,ZXJT,1328,12,2028-03-19
Buy,MTZQ,1329,7.2,2028-03-20
Buy,WPGC,1330,12,2028-03-21
Buy,TBLX,1331,2.4,2028-03-22
Buy,BPYK,1332,12,2028-03-23
Buy,NWAS,1333,14.4,2028-03-24
Buy,DGIC,1334,12,2028-03-25
Buy,ZLTL,1335,21.6,2028-03-26
Buy,CVMU,1336,12,2028-03-27
Buy,IIBN,1337,9.6,2028-03-28
Buy,UHRD,1338,9.6,2028-03-29
Buy,RFJT,1339,4.8,2028-03-30
Buy,QPRH,1340,4.8,2028-03-31
Buy,NGFC,1341,2.4,2028-04-01
Buy,NIVH,1342,7.2,2028-04-02
Buy,RALY,1343,4.8,2028-04-03
Buy,DFKK,1344,14.4,2028-04-04
Buy,NQBV,1345,14.4,2028-04-05
Buy,SHOR,1346,14.4,2028-04-06
Buy,VUXD,1347,2.4,2028-04-07
Buy,RCSP,1348,14.4,2028-04-08
Buy,KUKA,1349,21.6,2028-04-09
Buy,QZYU,1350,14.4,2028-04-10
Buy,DALI,1351,4.8,2028-04-11
Buy,PBDX,1352,2.4,2028-04-12
Buy,XYZJ,1353,12,2028-04-13
Buy,AWMJ,1354,12,2028-04-14
Buy,AWTW,1355,24,2028-04-15
Buy,OCSX,1356,12,2028-04-16
Buy,HECP,1357,21.6,2028-04-17
Buy,XBCN,1358,4.8,2028-04-18
Buy,ZYMU,1359,2.4,2028-04-19
Buy,YOXK,1360,16.8,2028-04-20
Buy,GNWM,1361,7.2,2028-04-21
Buy,VCSU,1362,9.6,2028-04-22
Buy,XXFR,1363,7.2,2028-04-23
Buy,LDII,1364,19.2,2028-04-24
Buy,BKFY,1365,7.2,2028-04-25
Buy,SRKX,1366,4.8,2028-04-26
Buy,DYNQ,1367,19.2,2028-04-27
Buy,ATZE,1368,7.2,2028-04-28
Buy,LOUF,1369,7.2,2028-04-29
Buy,GPTO,1370,9.6,2028-04-30
Buy,XEFJ,1371,14.4,2028-05-01
Buy,OGIM,1372,16.8,2028-05-02
Buy,SMJF,1373,19.2,2028-05-03
Buy,JOZX,1374,12,2028-05-04
Buy,HUSO,1375,7.2,2028-05-05
Buy,WACN,1376,21.6,2028-05-06
Buy,VFUK,1377,19.2,2028-05-07
Buy,MOJK,1378,2.4,2028-05-08
Buy,FRVG,1379,21.6,2028-05-09
Buy,AHKY,1380,24,2028-05-10
Buy,LWTU,1381,9.6,2028-05-11
Buy,HIWX,1382,16.8,2028-05-12
Buy,LAFO,1383,12,2028-05-13
Buy,IBRU,1384,14.4,2028-05-14
Buy,KKQI,1385,2.4,2028-05-15
Buy,YIQF,1386,21.6,2028-05-16
Buy,EIPH,1387,19.2,2028-05-17
Buy,OJGX,1388,16.8,2028-05-18
Buy,DLVE,1389,2.4,2028-05-19
Buy,INXA,1390,16.8,2028-05-20
Buy,BQQD,1391,7.2,2028-05-21
Buy,NTKF,1392,19.2,2028-05-22
Buy,NIAX,1393,4.8,2028-05-23
Buy,EKTA,1394,16.8,2028-05-24
Buy,USPS,1395,2.4,2028-05-25
Buy,BRXR,1396,24,2028-05-26
Buy,FEJD,1397,21.6,2028-05-27
Buy,EQBK,1398,4.8,2028-05-28
Buy,OFCY,1399,24,2028-05-29
Buy,TWBB,1400,2.4,2028-05-30
Buy,HHXZ,1401,14.4,2028-05-31
Buy,VBBH,1402,16.8,2028-06-01
Buy,IKWZ,1403,2.4,2028-06-02
Buy,BYGP,1404,2.4,2028-06-03
Buy,VENT,1405,12,2028-06-04
Buy,YUZM,1406,12,2028-06-05
Buy,OGJU,1407,4.8,2028-06-06
Buy,KFHB,1408,12,2028-06-07
Buy,BBYK,1409,16.8,2028-06-08
Buy,LXSS,1410,14.4,2028-06-09
Buy,XWVU,1411,2.4,2028-06-10
Buy,ZKJY,1412,24,2028-06-11
Buy,UPUF,1413,7.2,2028-06-12
Buy,UKUR,1414,14.4,2028-06-13
Buy,BFIF,1415,2.4,2028-06-14
Buy,YPOI,1416,2.4,2028-06-15
Buy,ZWZI,1417,16.8,2028-06-16
Buy,TMIO,1418,9.6,2028-06-17
Buy,GOKK,1419,9.6,2028-06-18
Buy,OACP,1420,16.8,2028-06-19
Buy,SXCM,1421,21.6,2028-06-20
Buy,YQSG,1422,14.4,2028-06-21
Buy,VWKA,1423,16.8,2028-06-22
Buy,ICRB,1424,24,2028-06-23
Buy,GPSB,1425,16.8,2028-06-24
Buy,OQRN,1426,16.8,2028-06-25
Buy,JRKK,1427,12,2028-06-26
Buy,UADO,1428,7.2,2028-06-27
Buy,EFRL,1429,12,2028-06-28
Buy,SGSI,1430,7.2,2028-06-29
Buy,KVRJ,1431,7.2,2028-06-30
Buy,CDIE,1432,24,2028-07-01
Buy,NGXB,1433,21.6,2028-07-02
Buy,WKMJ,1434,24,2028-07-03
Buy,CZQF,1435,4.8,2028-07-04
Buy,AVKI,1436,16.8,2028-07-05
Buy,URKZ,1437,4.8,2028-07-06
Buy,YTAJ,1438,24,2028-07-07
Buy,UBZI,1439,19.2,2028-07-08
Buy,CDQM,1440,4.8,2028-07-09
Buy,VQDZ,1441,21.6,2028-07-10
Buy,FPXA,1442,24,2028-07-11
Buy,BLKY,1443,12,2028-07-12
Buy,KQKE,1444,12,2028-07-13
Buy,PLPF,1445,19.2,2028-07-14
Buy,XNPJ,1446,16.8,2028-07-15
Buy,YMVE,1447,21.6,2028-07-16
Buy,XMPO,1448,2.4,2028-07-17
Buy,BBGQ,1449,14.4,2028-07-18
Buy,TOUC,1450,7.2,2028-07-19
Buy,YDNK,1451,21.6,2028-07-20
Buy,QIUH,1452,12,2028-07-21
Buy,NRSW,1453,2.4,2028-07-22
Buy,UYLK,1454,4.8,2028-07-23
Buy,IUME,1455,2.4,2028-07-24
Buy,SAVT,1456,9.6,2028-07-25
Buy,VSJY,1457,7.2,2028-07-26
Buy,INFZ,1458,2.4,2028-07-27
Buy,HGVY,1459,21.6,2028-07-28
Buy,HMBW,1460,16.8,2028-07-29
Buy,SNLF,1461,16.8,2028-07-30
Buy,NUDM,1462,9.6,2028-07-31
Buy,RAWO,1463,2.4,2028-08-01
Buy,HYOB,1464,12,2028-08-02
Buy,XOYD,1465,14.4,2028-08-03
Buy,IMXF,1466,7.2,2028-08-04
Buy,OAHD,1467,14.4,2028-08-05
Buy,IAAU,1468,2.4,2028-08-06
Buy,ZDGN,1469,2.4,2028-08-07
Buy,XOEV,1470,16.8,2028-08-08
Buy,CQFZ,1471,19.2,2028-08-09
Buy,VXCD,1472,19.2,2028-08-10
Buy,MGMH,1473,16.8,2028-08-11
Buy,UVOB,1474,16.8,2028-08-12
Buy,CVHM,1475,4.8,2028-08-13
Buy,YJEB,1476,21.6,2028-08-14
Buy,KAJW,1477,4.8,2028-08-15
Buy,ETIE,1478,4.8,2028-08-16
Buy,NAWL,1479,19.2,2028-08-17
Buy,CFIF,1480,9.6,2028-08-18
Buy,KRYO,1481,19.2,2028-08-19
Buy,ZJAT,1482,14.4,2028-08-20
Buy,PGSX,1483,9.6,2028-08-21
Buy,WOYT,1484,4.8,2028-08-22
Buy,WUAS,1485,7.2,2028-08-23
Buy,CCVL,1486,24,2028-08-24
Buy,CAHP,1487,16.8,2028-08-25
Buy,SYKR,1488,19.2,2028-08-26
Buy,QRES,1489,2.4,2028-08-27
Buy,JNTK,1490,16.8,2028-08-28
Buy,OJAT,1491,12,2028-08-29
Buy,HWON,1492,14.4,2028-08-30
Buy,DSAF,1493,9.6,2028-08-31
Buy,WGTD,1494,2.4,2028-09-01
Buy,AJVY,1495,4.8,2028-09-02
Buy,UNFU,1496,16.8,2028-09-03
Buy,JDGG,1497,21.6,2028-09-04
Buy,NPUC,1498,7.2,2028-09-05
Buy,DOIQ,1499,7.2,2028-09-06
Buy,CBVC,1500,16.8,2028-09-07
Buy,UDVQ,1501,19.2,2028-09-08
Buy,PBXJ,1502,12,2028-09-09
Buy,AQTD,1503,24,2028-09-10
Buy,QXLC,1504,24,2028-09-11
Buy,YFDB,1505,4.8,2028-09-12
Buy,OOGK,1506,24,2028-09-13
Buy,GJQX,1507,21.6,2028-09-14
Buy,RUUI,1508,7.2,2028-09-15
Buy,CMYS,1509,2.4,2028-09-16
Buy,MRHZ,1510,21.6,2028-09-17
Buy,ITEE,1511,4.8,2028-09-18
Buy,NDIS,1512,7.2,2028-09-19
Buy,PJRH,1513,7.2,2028-09-20
Buy,PPHU,1514,24,2028-09-21
Buy,TBOL,1515,16.8,2028-09-22
Buy,ROIN,1516,9.6,2028-09-23
Buy,KOAH,1517,12,2028-09-24
Buy,YDNM,1518,4.8,2028-09-25
Buy,MUQA,1519,16.8,2028-09-26
Buy,FTYI,1520,16.8,2028-09-27
Buy,MPVG,1521,16.8,2028-09-28
Buy,HDEL,1522,7.2,2028-09-29
Buy,ZKAA,1523,4.8,2028-09-30
Buy,NDWK,1524,4.8,2028-10-01
Buy,QJMJ,1525,19.2,2028-10-02
Buy,YQEM,1526,2.4,2028-10-03
Buy,XTCZ,1527,16.8,2028-10-04
Buy,KZBT,1528,19.2,2028-10-05
Buy,MDUV,1529,16.8,2028-10-06
Buy,SKIQ,1530,9.6,2028-10-07
Buy,UJCY,1531,14.4,2028-10-08
Buy,KEZS,1532,4.8,2028-10-09
Buy,SGGL,1533,7.2,2028-10-10
Buy,PZCX,1534,24,2028-10-11
Buy,XDAB,1535,14.4,2028-10-12
Buy,PXNB,1536,12,2028-10-13
Buy,FGRT,1537,4.8,2028-10-14
Buy,LPSQ,1538,24,2028-10-15
Buy,NVHI,1539,14.4,2028-10-16
Buy,FLAO,1540,2.4,2028-10-17
Buy,SXST,1541,4.8,2028-10-18
Buy,HAQS,1542,14.4,2028-10-19
Buy,MVVZ,1543,4.8,2028-10-20
Buy,WDPJ,1544,16.8,2028-10-21
Buy,NBOS,1545,24,2028-10-22
Buy,TFOF,1546,21.6,2028-10-23
Buy,EBGO,1547,12,2028-10-24
Buy,SZIT,1548,12,2028-10-25
Buy,OEMN,1549,14.4,2028-10-26
Buy,ZKUL,1550,7.2,2028-10-27
Buy,SGVN,1551,9.6,2028-10-28
Buy,IJGR,1552,19.2,2028-10-29
Buy,CGBA,1553,24,2028-10-30
Buy,HYBJ,1554,7.2,2028-10-31
Buy,UZAS,1555,12,2028-11-01
Buy,GKYM,1556,16.8,2028-11-02
Buy,ANXH,1557,12,2028-11-03
Buy,HVSJ,1558,21.6,2028-11-04
Buy,LZKF,1559,7.2,2028-11-05
Buy,ICYF,1560,14.4,2028-11-06
Buy,YNKN,1561,4.8,2028-11-07
Buy,SSGP,1562,7.2,2028-11-08
Buy,DOOE,1563,7.2,2028-11-09
Buy,ELWA,1564,16.8,2028-11-10
Buy,SSQA,1565,2.4,2028-11-11
Buy,GZFK,1566,14.4,2028-11-12
Buy,PEZF,1567,24,2028-11-13
Buy,WKQH,1568,12,2028-11-14
Buy,VMRZ,1569,21.6,2028-11-15
Buy,CURZ,1570,14.4,2028-11-16
Buy,SWHY,1571,24,2028-11-17
Buy,SBTO,1572,14.4,2028-11-18
Buy,SWZO,1573,9.6,2028-11-19
Buy,JJIM,1574,19.2,2028-11-20
Buy,OAAC,1575,2.4,2028-11-21
Buy,PPVA,1576,7.2,2028-11-22
Buy,QEER,1577,9.6,2028-11-23
Buy,CDXS,1578,14.4,2028-11-24
Buy,BQPM,1579,7.2,2028-11-25
Buy,OVDD,1580,2.4,2028-11-26
Buy,BBXT,1581,12,2028-11-27
Buy,LWXA,1582,2.4,2028-11-28
Buy,BQKA,1583,4.8,2028-11-29
Buy,QUAT,1584,24,2028-11-30
Buy,MCBC,1585,2.4,2028-12-01
Buy,KFEB,1586,16.8,2028-12-02
Buy,LKXG,1587,21.6,2028-12-03
Buy,HEVK,1588,21.6,2028-12-04
Buy,HYVO,1589,4.8,2028-12-05
Buy,HAQA,1590,19.2,2028-12-06
Buy,IMYI,1591,16.8,2028-12-07
Buy,ECXD,1592,14.4,2028-12-08
Buy,DJUR,1593,19.2,2028-12-09
Buy,ZCJS,1594,12,2028-12-10
Buy,SLLG,1595,21.6,2028-12-11
Buy,IDSV,1596,16.8,2028-12-12
Buy,ERCY,1597,24,2028-12-13
Buy,WNKQ,1598,24,2028-12-14
Buy,RGPZ,1599,16.8,2028-12-15
Buy,IHKH,1600,16.8,2028-12-16
Buy,GVOI,1601,7.2,2028-12-17
Buy,YRJJ,1602,16.8,2028-12-18
Buy,IRUX,1603,2.4,2028-12-19
Buy,JJDU,1604,4.8,2028-12-20
Buy,NTAT,1605,24,2028-12-21
Buy,UYVJ,1606,21.6,2028-12-22
Buy,ILJN,1607,12,2028-12-23
Buy,NVDR,1608,7.2,2028-12-24
Buy,QUEF,1609,12,2028-12-25
Buy,NQWH,1610,7.2,2028-12-26
Buy,PLZL,1611,7.2,2028-12-27
Buy,GGYC,1612,16.8,2028-12-28
Buy,MVLP,1613,19.2,2028-12-29
Buy,YJZI,1614,4.8,2028-12-30
Buy,WVKS,1615,4.8,2028-12-31
Buy,GIKW,1616,21.6,2029-01-01
Buy,LWFM,1617,16.8,2029-01-02
Buy,SISK,1618,12,2029-01-03
Buy,MLSA,1619,4.8,2029-01-04
Buy,SGFM,1620,21.6,2029-01-05
Buy,ETVQ,1621,19.2,2029-01-06
Buy,YKFY,1622,4.8,2029-01-07
Buy,LRKY,1623,16.8,2029-01-08
Buy,VPLV,1624,7.2,2029-01-09
Buy,RJSG,1625,24,2029-01-10
Buy,IBFA,1626,4.8,2029-01-11
Buy,YVOD,1627,9.6,2029-01-12
Buy,UYYM,1628,12,2029-01-13
Buy,DHEX,1629,24,2029-01-14
Buy,OYYI,1630,7.2,2029-01-15
Buy,KFDB,1631,14.4,2029-01-16
Buy,CBWS,1632,2.4,2029-01-17
Buy,SOGZ,1633,9.6,2029-01-18
Buy,RPRT,1634,24,2029-01-19
Buy,KGUT,1635,12,2029-01-20
Buy,YMBH,1636,9.6,2029-01-21
Buy,EGGD,1637,24,2029-01-22
Buy,KRCY,1638,7.2,2029-01-23
Buy,WRVY,1639,9.6,2029-01-24
Buy,WKCL,1640,16.8,2029-01-25
Buy,TZJJ,1641,4.8,2029-01-26
Buy,XQHH,1642,2.4,2029-01-27
Buy,PJIL,1643,16.8,2029-01-28
Buy,VPGQ,1644,21.6,2029-01-29
Buy,HCMP,1645,24,2029-01-30
Buy,YFSL,1646,24,2029-01-31
Buy,HYWZ,1647,21.6,2029-02-01
Buy,ZUIY,1648,9.6,2029-02-02
Buy,TVMO,1649,16.8,2029-02-03
Buy,HRAO,1650,12,2029-02-04
Buy,ZJFG,1651,14.4,2029-02-05
Buy,FLZQ,1652,16.8,2029-02-06
Buy,WNMG,1653,16.8,2029-02-07
Buy,PYSD,1654,7.2,2029-02-08
Buy,WCCJ,1655,2.4,2029-02-09
Buy,IFAW,1656,7.2,2029-02-10
Buy,QPKA,1657,9.6,2029-02-11
Buy,IJEY,1658,9.6,2029-02-12
Buy,TYGG,1659,24,2029-02-13
Buy,DZPS,1660,4.8,2029-02-14
Buy,NXZM,1661,21.6,2029-02-15
Buy,BBRM,1662,24,2029-02-16
Buy,RYFI,1663,14.4,2029-02-17
Buy,YVGV,1664,12,2029-02-18
Buy,SAIQ,1665,7.2,2029-02-19
Buy,QOBL,1666,4.8,2029-02-20
Buy,DEPX,1667,21.6,2029-02-21
Buy,TTSB,1668,9.6,2029-02-22
Buy,PIFU,1669,2.4,2029-02-23
Buy,DBXL,1670,9.6,2029-02-24
Buy,SGRK,1671,7.2,2029-02-25
Buy,KFYR,1672,16.8,2029-02-26
Buy,QPYX,1673,12,2029-02-27
Buy,DLSW,1674,14.4,2029-02-28
Buy,NYMG,1675,12,2029-03-01
Buy,XHXM,1676,4.8,2029-03-02
Buy,QTGE,1677,16.8,2029-03-03
Buy,JSNB,1678,14.4,2029-03-04
Buy,QSTD,1679,21.6,2029-03-05
Buy,LVDH,1680,16.8,2029-03-06
Buy,SMTI,1681,4.8,2029-03-07
Buy,NIUF,1682,4.8,2029-03-08
Buy,OIGX,1683,9.6,2029-03-09
Buy,MSIX,1684,7.2,2029-03-10
Buy,LMZN,1685,21.6,2029-03-11
Buy,RCUP,1686,14.4,2029-03-12
Buy,YBSC,1687,16.8,2029-03-13
Buy,RRWS,1688,9.6,2029-03-14
Buy,EYXI,1689,16.8,2029-03-15
Buy,UUDJ,1690,19.2,2029-03-16
Buy,DKWP,1691,9.6,2029-03-17
Buy,FMAP,1692,2.4,2029-03-18
Buy,RTIF,1693,9.6,2029-03-19
Buy,ZVOJ,1694,24,2029-03-20
Buy,XMXZ,1695,7.2,2029-03-21
Buy,GIAP,1696,12,2029-03-22
Buy,ZMWD,1697,7.2,2029-03-23
Buy,WRUX,1698,9.6,2029-03-24
Buy,JQFE,1699,14.4,2029-03-25
Buy,HLRJ,1700,2.4,2029-03-26
Buy,LHCT,1701,21.6,2029-03-27
Buy,CFDK,1702,9.6,2029-03-28
Buy,ULRX,1703,19.2,2029-03-29
Buy,TCQS,1704,4.8,2029-03-30
Buy,TOIP,1705,7.2,2029-03-31
Buy,WRGG,1706,21.6,2029-04-01
Buy,OGDW,1707,4.8,2029-04-02
Buy,IXCE,1708,24,2029-04-03
Buy,UBIY,1709,24,2029-04-04
Buy,NTHT,1710,2.4,2029-04-05
Buy,ZCAU,1711,24,2029-04-06
Buy,ONXR,1712,24,2029-04-07
Buy,VXPI,1713,12,2029-04-08
Buy,IKVJ,1714,2.4,2029-04-09
Buy,MZTL,1715,21.6,2029-04-10
Buy,LOQC,1716,2.4,2029-04-11
Buy,SFOW,1717,9.6,2029-04-12
Buy,EBTU,1718,21.6,2029-04-13
Buy,HMBX,1719,19.2,2029-04-14
Buy,PZVE,1720,19.2,2029-04-15
Buy,TNNH,1721,7.2,2029-04-16
Buy,DNWX,1722,2.4,2029-04-17
Buy,TDSI,1723,21.6,2029-04-18
Buy,CBIT,1724,21.6,2029-04-19
Buy,CXRH,1725,24,2029-04-20
Buy,IUQY,1726,4.8,2029-04-21
Buy,SUQE,1727,24,2029-04-22
Buy,MLEL,1728,12,2029-04-23
Buy,JQYX,1729,14.4,2029-04-24
Buy,HLTM,1730,7.2,2029-04-25
Buy,ICUH,1731,16.8,2029-04-26
Buy,PSFI,1732,4.8,2029-04-27
Buy,CUDG,1733,19.2,2029-04-28
Buy,EDLV,1734,7.2,2029-04-29
Buy,MCQQ,1735,4.8,2029-04-30
Buy,ASQO,1736,12,2029-05-01
Buy,SFBQ,1737,4.8,2029-05-02
Buy,ZBKT,1738,9.6,2029-05-03
Buy,GUIQ,1739,14.4,2029-05-04
Buy,KVHC,1740,4.8,2029-05-05
Buy,GKCV,1741,19.2,2029-05-06
Buy,BKMI,1742,21.6,2029-05-07
Buy,JHJL,1743,24,2029-05-08
Buy,QHEI,1744,2.4,2029-05-09
Buy,GDFJ,1745,24,2029-05-10
Buy,ESUG,1746,7.2,2029-05-11
Buy,DKVF,1747,4.8,2029-05-12
Buy,UJBQ,1748,19.2,2029-05-13
Buy,TACV,1749,2.4,2029-05-14
Buy,NELO,1750,14.4,2029-05-15
Buy,EOES,1751,2.4,2029-05-16
Buy,HDRZ,1752,21.6,2029-05-17
Buy,GZAU,1753,14.4,2029-05-18
Buy,OMOJ,1754,16.8,2029-05-19
Buy,KLGA,1755,21.6,2029-05-20
Buy,BVXK,1756,21.6,2029-05-21
Buy,JOEG,1757,21.6,2029-05-22
Buy,JOZI,1758,14.4,2029-05-23
Buy,BTZO,1759,19.2,2029-05-24
Buy,JFZI,1760,2.4,2029-05-25
Buy,QBVK,1761,24,2029-05-26
Buy,ZOUY,1762,16.8,2029-05-27
Buy,NOOO,1763,16.8,2029-05-28
Buy,FVDH,1764,9.6,2029-05-29
Buy,NRSV,1765,12,2029-05-30
Buy,BPJQ,1766,9.6,2029-05-31
Buy,ECEW,1767,14.4,2029-06-01
Buy,FVSB,1768,7.2,2029-06-02
Buy,JBGJ,1769,4.8,2029-06-03
Buy,FGGL,1770,14.4,2029-06-04
Buy,ANYW,1771,24,2029-06-05
Buy,LMMV,1772,9.6,2029-06-06
Buy,XHKY,1773,16.8,2029-06-07
Buy,HTXW,1774,24,2029-06-08
Buy,PKKP,1775,16.8,2029-06-09
Buy,XMJD,1776,12,2029-06-10
Buy,MLCB,1777,12,2029-06-11
Buy,JEFZ,1778,7.2,2029-06-12
Buy,ULKM,1779,16.8,2029-06-13
Buy,AMND,1780,19.2,2029-06-14
Buy,JODF,1781,2.4,2029-06-15
Buy,WJBT,1782,7.2,2029-06-16
Buy,YSRO,1783,21.6,2029-06-17
Buy,LRLI,1784,7.2,2029-06-18
Buy,BBEL,1785,24,2029-06-19
Buy,ZIKU,1786,4.8,2029-06-20
Buy,KTRC,1787,4.8,2029-06-21
Buy,JGJM,1788,2.4,2029-06-22
Buy,LXNM,1789,7.2,2029-06-23
Buy,XVTD,1790,7.2,2029-06-24
Buy,UQSU,1791,4.8,2029-06-25
Buy,BPCC,1792,24,2029-06-26
Buy,IFRG,1793,2.4,2029-06-27
Buy,NMAJ,1794,21.6,2029-06-28
Buy,XLTZ,1795,9.6,2029-06-29
Buy,BVZP,1796,4.8,2029-06-30
Buy,RGQX,1797,16.8,2029-07-01
Buy,IZOZ,1798,12,2029-07-02
Buy,JSZB,1799,21.6,2029-07-03
Buy,ZLJR,1800,12,2029-07-04
Buy,IGKJ,1801,14.4,2029-07-05
Buy,GXGJ,1802,14.4,2029-07-06
Buy,IXUS,1803,19.2,2029-07-07
Buy,NKWS,1804,19.2,2029-07-08
Buy,MHVY,1805,24,2029-07-09
Buy,AZQM,1806,2.4,2029-07-10
Buy,DJZO,1807,4.8,2029-07-11
Buy,PYWO,1808,19.2,2029-07-12
Buy,VSOR,1809,14.4,2029-07-13
Buy,DQZO,1810,4.8,2029-07-14
Buy,UXXI,1811,9.6,2029-07-15
Buy,JBQB,1812,7.2,2029-07-16
Buy,YYRV,1813,21.6,2029-07-17
Buy,DOTX,1814,16.8,2029-07-18
Buy,UNAR,1815,14.4,2029-07-19
Buy,IFBA,1816,4.8,2029-07-20
Buy,VGLJ,1817,14.4,2029-07-21
Buy,RHGZ,1818,2.4,2029-07-22
Buy,SFQP,1819,12,2029-07-23
Buy,JKUA,1820,9.6,2029-07-24
Buy,MDXS,1821,9.6,2029-07-25
Buy,PQLW,1822,4.8,2029-07-26
Buy,BQWR,1823,2.4,2029-07-27
Buy,ZGPX,1824,14.4,2029-07-28
Buy,KBXA,1825,21.6,2029-07-29
Buy,GEHF,1826,21.6,2029-07-30
Buy,ZGBG,1827,16.8,2029-07-31
Buy,MMXK,1828,21.6,2029-08-01
Buy,AZFU,1829,7.2,2029-08-02
Buy,NSOB,1830,9.6,2029-08-03
Buy,OJOX,1831,24,2029-08-04
Buy,YBGL,1832,14.4,2029-08-05
Buy,KTYY,1833,12,2029-08-06
Buy,AZAI,1834,24,2029-08-07
Buy,OBNC,1835,21.6,2029-08-08
Buy,BCCZ,1836,2.4,2029-08-09
Buy,BNOR,1837,7.2,2029-08-10
Buy,OMJJ,1838,9.6,2029-08-11
Buy,JXXG,1839,2.4,2029-08-12
Buy,OFSL,1840,2.4,2029-08-13
Buy,FUKP,1841,14.4,2029-08-14
Buy,FGCW,1842,12,2029-08-15
Buy,AYDV,1843,7.2,2029-08-16
Buy,STEX,1844,14.4,2029-08-17
Buy,CDEA,1845,9.6,2029-08-18
Buy,KSLM,1846,21.6,2029-08-19
Buy,TCIV,1847,21.6,2029-08-20
Buy,MYVT,1848,16.8,2029-08-21
Buy,MGIQ,1849,21.6,2029-08-22
Buy,JKOD,1850,7.2,2029-08-23
Buy,BWQF,1851,24,2029-08-24
Buy,NUYT,1852,16.8,2029-08-25
Buy,UKDF,1853,7.2,2029-08-26
Buy,HFEP,1854,2.4,2029-08-27
Buy,GPUY,1855,9.6,2029-08-28
Buy,OBPP,1856,2.4,2029-08-29
Buy,QELQ,1857,16.8,2029-08-30
Buy,VVWE,1858,12,2029-08-31
Buy,XSMH,1859,7.2,2029-09-01
Buy,LGLM,1860,16.8,2029-09-02
Buy,XAAX,1861,2.4,2029-09-03
Buy,PNHR,1862,19.2,2029-09-04
Buy,UGIB,1863,24,2029-09-05
Buy,ZAQD,1864,4.8,2029-09-06
Buy,KUXU,1865,24,2029-09-07
Buy,BJHK,1866,19.2,2029-09-08
Buy,LECS,1867,12,2029-09-09
Buy,WVUA,1868,2.4,2029-09-10
Buy,AIKM,1869,2.4,2029-09-11
Buy,QMDE,1870,7.2,2029-09-12
Buy,IXHR,1871,4.8,2029-09-13
Buy,YLZK,1872,19.2,2029-09-14
Buy,KELK,1873,12,2029-09-15
Buy,PARP,1874,21.6,2029-09-16
Buy,JGTZ,1875,19.2,2029-09-17
Buy,PYTK,1876,7.2,2029-09-18
Buy,ZUDL,1877,7.2,2029-09-19
Buy,SIDU,1878,2.4,2029-09-20
Buy,ZDWV,1879,9.6,2029-09-21
Buy,QOCE,1880,7.2,2029-09-22
Buy,OWHT,1881,21.6,2029-09-23
Buy,GXYW,1882,16.8,2029-09-24
Buy,LJBF,1883,16.8,2029-09-25
Buy,FTEB,1884,12,2029-09-26
Buy,DHHK,1885,24,2029-09-27
Buy,PZPM,1886,4.8,2029-09-28
Buy,MSXK,1887,24,2029-09-29
Buy,ZMHI,1888,4.8,2029-09-30
Buy,DBDS,1889,24,2029-10-01
Buy,RIWD,1890,19.2,2029-10-02
Buy,BZAQ,1891,7.2,2029-10-03
Buy,GGKO,1892,21.6,2029-10-04
Buy,LDME,1893,2.4,2029-10-05
Buy,PUFA,1894,4.8,2029-10-06
Buy,TPOO,1895,2.4,2029-10-07
Buy,MDDB,1896,9.6,2029-10-08
Buy,UMEZ,1897,2.4,2029-10-09
Buy,WFOJ,1898,4.8,2029-10-10
Buy,TLII,1899,14.4,2029-10-11
Buy,TVIG,1900,12,2029-10-12
Buy,FTGS,1901,2.4,2029-10-13
Buy,AEUA,1902,14.4,2029-10-14
Buy,QSDD,1903,9.6,2029-10-15
Buy,MVJS,1904,14.4,2029-10-16
Buy,QHMM,1905,2.4,2029-10-17
Buy,LQIS,1906,12,2029-10-18
Buy,RINX,1907,7.2,2029-10-19
Buy,SMXH,1908,2.4,2029-10-20
Buy,KWLQ,1909,14.4,2029-10-21
Buy,URIR,1910,16.8,2029-10-22
Buy,GKVF,1911,4.8,2029-10-23
Buy,LBPP,1912,7.2,2029-10-24
Buy,AFVU,1913,2.4,2029-10-25
Buy,TKQZ,1914,4.8,2029-10-26
Buy,HFST,1915,4.8,2029-10-27
Buy,KDUS,1916,12,2029-10-28
Buy,YVUV,1917,14.4,2029-10-29
Buy,GROV,1918,7.2,2029-10-30
Buy,VYAJ,1919,9.6,2029-10-31
Buy,DLMW,1920,9.6,2029-11-01
Buy,SUUN,1921,7.2,2029-11-02
Buy,PWAQ,1922,21.6,2029-11-03
Buy,BWVR,1923,12,2029-11-04
Buy,SPGZ,1924,2.4,2029-11-05
Buy,WWTH,1925,21.6,2029-11-06
Buy,AROI,1926,9.6,2029-11-07
Buy,XCGQ,1927,14.4,2029-11-08
Buy,GAMP,1928,19.2,2029-11-09
Buy,XJGK,1929,14.4,2029-11-10
Buy,VGGV,1930,2.4,2029-11-11
Buy,QVKH,1931,14.4,2029-11-12
Buy,OBEY,1932,9.6,2029-11-13
Buy,WJHC,1933,12,2029-11-14
Buy,AQTU,1934,9.6,2029-11-15
Buy,KLIC,1935,19.2,2029-11-16
Buy,STAK,1936,16.8,2029-11-17
Buy,YEWL,1937,21.6,2029-11-18
Buy,CKED,1938,16.8,2029-11-19
Buy,GMHA,1939,16.8,2029-11-20
Buy,JBLJ,1940,9.6,2029-11-21
Buy,TFZZ,1941,2.4,2029-11-22
Buy,XUVD,1942,9.6,2029-11-23
Buy,GPVU,1943,14.4,2029-11-24
Buy,JJRK,1944,16.8,2029-11-25
Buy,PGXR,1945,12,2029-11-26
Buy,FYGN,1946,24,2029-11-27
Buy,JYZB,1947,9.6,2029-11-28
Buy,SHTN,1948,12,2029-11-29
Buy,IGGB,1949,9.6,2029-11-30
Buy,LBJM,1950,14.4,2029-12-01
Buy,DYQZ,1951,12,2029-12-02
Buy,AOMC,1952,16.8,2029-12-03
Buy,ANGT,1953,16.8,2029-12-04
Buy,ITFX,1954,2.4,2029-12-05
Buy,ZUPL,1955,16.8,2029-12-06
Buy,IAOR,1956,9.6,2029-12-07
Buy,QULD,1957,24,2029-12-08
Buy,GNKQ,1958,7.2,2029-12-09
Buy,YYFQ,1959,4.8,2029-12-10
Buy,YFRH,1960,14.4,2029-12-11
Buy,JLRY,1961,16.8,2029-12-12
Buy,HKQF,1962,9.6,2029-12-13
Buy,OJUG,1963,19.2,2029-12-14
Buy,CWUG,1964,16.8,2029-12-15
Buy,SAUX,1965,14.4,2029-12-16
Buy,TXME,1966,21.6,2029-12-17
Buy,RMCZ,1967,2.4,2029-12-18
Buy,FSHN,1968,16.8,2029-12-19
Buy,YXVZ,1969,2.4,2029-12-20
Buy,HARX,1970,19.2,2029-12-21
Buy,UCOC,1971,21.6,2029-12-22
Buy,WCCI,1972,19.2,2029-12-23
Buy,BSAV,1973,24,2029-12-24
Buy,UMHY,1974,19.2,2029-12-25
Buy,QHBT,1975,16.8,2029-12-26
Buy,WSZF,1976,12,2029-12-27
Buy,INXE,1977,4.8,2029-12-28
Buy,IULS,1978,7.2,2029-12-29
Buy,WPDN,1979,2.4,2029-12-30
Buy,SDBY,1980,24,2029-12-31
Buy,TQVJ,1981,16.8,2030-01-01
Buy,UUFM,1982,14.4,2030-01-02
Buy,YLYA,1983,4.8,2030-01-03
Buy,XDYV,1984,7.2,2030-01-04
Buy,GHNP,1985,12,2030-01-05
Buy,EGMT,1986,2.4,2030-01-06
Buy,SGVQ,1987,14.4,2030-01-07
Buy,OHPR,1988,19.2,2030-01-08
Buy,HXZU,1989,7.2,2030-01-09
Buy,PIPP,1990,14.4,2030-01-10
Buy,DUBF,1991,12,2030-01-11
Buy,MRRW,1992,2.4,2030-01-12
Buy,JIRH,1993,14.4,2030-01-13
Buy,YKLE,1994,21.6,2030-01-14
Buy,DVDJ,1995,21.6,2030-01-15
Buy,NRXO,1996,12,2030-01-16
Buy,GANX,1997,4.8,2030-01-17
Buy,HFMM,1998,16.8,2030-01-18
Buy,QLDH,1999,16.8,2030-01-19
Buy,MSUL,2000,2.4,2030-01-20
Buy,GMWT,2001,4.8,2030-01-21
Buy,IUFI,2002,7.2,2030-01-22
Buy,HCYQ,2003,12,2030-01-23
Buy,ZLSI,2004,24,2030-01-24
Buy,YEOS,2005,2.4,2030-01-25
Buy,ZNAA,2006,19.2,2030-01-26
Buy,QXIU,2007,14.4,2030-01-27
Buy,NTUG,2008,4.8,2030-01-28
Buy,NFWP,2009,2.4,2030-01-29
Buy,FPAF,2010,12,2030-01-30
Buy,KHAB,2011,24,2030-01-31
Buy,QGXG,2012,2.4,2030-02-01
Buy,NXNV,2013,7.2,2030-02-02
Buy,KFCA,2014,21.6,2030-02-03
Buy,KYXP,2015,12,2030-02-04
Buy,CIQZ,2016,4.8,2030-02-05
Buy,ABDG,2017,7.2,2030-02-06
Buy,DXQH,2018,24,2030-02-07
Buy,LGEM,2019,9.6,2030-02-08
Buy,WXGW,2020,9.6,2030-02-09
Buy,UJLO,2021,2.4,2030-02-10
Buy,HNCX,2022,19.2,2030-02-11
Buy,RUBS,2023,2.4,2030-02-12
Buy,CMES,2024,14.4,2030-02-13
Buy,VJFV,2025,12,2030-02-14
Buy,ZVYG,2026,9.6,2030-02-15
Buy,BKSV,2027,16.8,2030-02-16
Buy,OLOP,2028,24,2030-02-17
Buy,CWRD,2029,7.2,2030-02-18
Buy,MDZU,2030,14.4,2030-02-19
Buy,SMTG,2031,19.2,2030-02-20
Buy,OCCA,2032,9.6,2030-02-21
Buy,XSRC,2033,2.4,2030-02-22
Buy,QUES,2034,14.4,2030-02-23
Buy,TCXM,2035,4.8,2030-02-24
Buy,QJBD,2036,14.4,2030-02-25
Buy,QVBM,2037,4.8,2030-02-26
Buy,WSWR,2038,24,2030-02-27
Buy,AYMS,2039,21.6,2030-02-28
Buy,SSFB,2040,19.2,2030-03-01
Buy,VEKP,2041,12,2030-03-02
Buy,MEKV,2042,16.8,2030-03-03
Buy,ACVB,2043,2.4,2030-03-04
Buy,IHLE,2044,24,2030-03-05
Buy,VGCQ,2045,24,2030-03-06
Buy,IPQO,2046,19.2,2030-03-07
Buy,CSMO,2047,12,2030-03-08
Buy,GDAC,2048,24,2030-03-09
Buy,NCQK,2049,14.4,2030-03-10
Buy,POHV,2050,7.2,2030-03-11
Buy,WAUF,2051,14.4,2030-03-12
Buy,NBTV,2052,16.8,2030-03-13
Buy,QKJS,2053,19.2,2030-03-14
Buy,NXWA,2054,12,2030-03-15
Buy,OYAD,2055,7.2,2030-03-16
Buy,LKOG,2056,2.4,2030-03-17
Buy,VERQ,2057,4.8,2030-03-18
Buy,STLG,2058,12,2030-03-19
Buy,LXYW,2059,4.8,2030-03-20
Buy,UNRN,2060,14.4,2030-03-21
Buy,WZYG,2061,16.8,2030-03-22
Buy,CHUI,2062,4.8,2030-03-23
Buy,KJXA,2063,12,2030-03-24
Buy,KBHC,2064,14.4,2030-03-25
Buy,PJYW,2065,16.8,2030-03-26
Buy,TIUC,2066,9.6,2030-03-27
Buy,ACSF,2067,16.8,2030-03-28
Buy,EQLG,2068,24,2030-03-29
Buy,BSES,2069,24,2030-03-30
Buy,PCSJ,2070,4.8,2030-03-31
Buy,XXRC,2071,21.6,2030-04-01
Buy,VCOW,2072,9.6,2030-04-02
Buy,ZGHC,2073,4.8,2030-04-03
Buy,MMFI,2074,16.8,2030-04-04
Buy,MCBG,2075,12,2030-04-05
Buy,TRDN,2076,2.4,2030-04-06
Buy,XQDM,2077,4.8,2030-04-07
Buy,SRMS,2078,16.8,2030-04-08
Buy,PDGC,2079,2.4,2030-04-09
Buy,KWYO,2080,24,2030-04-10
Buy,LOMC,2081,19.2,2030-04-11
Buy,WBUF,2082,4.8,2030-04-12
Buy,UGGH,2083,24,2030-04-13
Buy,IQYO,2084,24,2030-04-14
Buy,TBNB,2085,9.6,2030-04-15
Buy,TGTQ,2086,24,2030-04-16
Buy,OLSL,2087,12,2030-04-17
Buy,XSRK,2088,2.4,2030-04-18
Buy,DUFD,2089,19.2,2030-04-19
Buy,QVLE,2090,2.4,2030-04-20
Buy,QKVZ,2091,21.6,2030-04-21
Buy,JMQO,2092,21.6,2030-04-22
Buy,WFSY,2093,14.4,2030-04-23
Buy,TLXV,2094,19.2,2030-04-24
Buy,SGPL,2095,19.2,2030-04-25
Buy,JBFJ,2096,16.8,2030-04-26
Buy,JKWG,2097,12,2030-04-27
Buy,LHLU,2098,4.8,2030-04-28
Buy,CQXK,2099,24,2030-04-29
Buy,DPOB,2100,4.8,2030-04-30
Buy,FZTK,2101,24,2030-05-01
Buy,FIUY,2102,14.4,2030-05-02
Buy,IVYR,2103,16.8,2030-05-03
Buy,VXMD,2104,24,2030-05-04
Buy,KATW,2105,24,2030-05-05
Buy,IUCQ,2106,7.2,2030-05-06
Buy,CYPS,2107,19.2,2030-05-07
Buy,LDVO,2108,12,2030-05-08
Buy,PXZH,2109,19.2,2030-05-09
Buy,IHAP,2110,4.8,2030-05-10
Buy,FJZA,2111,16.8,2030-05-11
Buy,MMKD,2112,21.6,2030-05-12
Buy,PPMJ,2113,12,2030-05-13